G,speed,plvD_r,pliD_r,aecD_r,plvT_r,pliT_r,aecT_r,plvA_r,pliA_r,aecA_r,plvB_r,pliB_r,aecB_r,plvG_r,pliG_r,aecG_r
0.5,0.5,-0.034172773361353194,-0.0144887985533684,0.002720588902556204,0.04384813881070222,0.01913466651215055,0.032038504859633554,-0.03629155409765422,-0.017834599925797917,-0.012472645808512206,0.050967293142459034,0.01644310238536223,0.033369739959777274,0.0022975345726716423,-0.00017690573531398097,-0.014163608129046486
0.5,2.5,0.005355642372467194,0.031279248289926745,-0.005695246765140309,0.012742214107682958,0.006199605150769863,0.02252079977387561,-0.005407253383945358,0.020164665975205925,-0.0010220188003567296,-0.036394354526559806,0.005598819744445674,-0.029905137803403422,-0.020810389058524264,0.013251254401037077,-0.019349921977993127
0.5,4.5,-0.011212774823792893,0.0045564314690979164,0.0013617954417329487,-0.004523010941947645,0.018103400808342603,0.0005758823426638042,0.01709069723061712,0.05726665628031457,0.005143220139643957,-0.023544741557327102,-0.002612130903261704,0.054495994575954776,8.677568954002409e-05,-0.02795004284884637,0.004330655680283885
0.5,6.5,0.030744800510696595,0.031023274845181217,-0.03825416091227433,-0.0035035478367969343,-0.0248483044027047,-0.005032167453839069,-0.000521624828019429,0.014121942310485951,-0.010697208240946804,0.013644941822724844,-0.0190980252926537,-0.01390314704121684,-0.018218625641194756,0.023374932360303084,0.01121918226735943
0.5,8.5,-0.020852558253820173,0.0025032930102503333,-0.0016168144390760605,-0.037535529633500625,-0.05549407049077336,0.028964210464481475,0.011370245477056217,-0.00821944092454365,0.015652458627296428,0.025974086415537646,-0.01811810140121998,0.009792977626459143,0.04122901681784404,-0.019881907808994286,-0.03526946460461624
0.5,10.5,0.006021611708460863,0.005105362907436728,0.005414537430157789,-0.01573178300507192,-0.027777314618985298,-0.06180348513443415,0.02503035898282409,0.019671440333626233,-0.005444706550184208,-0.012998054615913033,0.015391062804950398,0.016246516890211445,-0.0118538882374824,0.012213236394879975,-0.006459680206970838
0.5,12.5,-0.02992879203429585,-0.026294038425225267,0.021259936890160494,0.0245589209284268,-0.000923618496698072,-0.00020683584694055986,0.04550713867294182,-0.04360947649629826,0.009912440009814743,-0.028560538909463036,0.015858616508817282,-0.006512345282312109,0.013376371607107605,0.004146234323205733,0.017737339218818114
0.5,14.5,0.002727323792841376,0.013215757085995188,0.0237950507109553,0.02745774151201397,-0.005665103686787601,-0.02417479045147791,-0.029732289861048828,0.01149095595011209,0.028789300564890354,-0.0009411096609330527,0.005920687021127063,0.01918072105894154,0.005848202145127589,0.031797910122391054,0.0036030800232026007
0.5,16.5,0.0034694426193491805,0.016492556809557007,-0.018829733961007386,-0.010552257514278286,-0.01293898898742108,-0.022508391084683076,-0.02925903584183721,-0.02830735781024925,0.0036057411335907877,0.0023373510764639113,0.007223171209590332,0.017311501438522232,-0.03348697594078813,-0.027080008005744505,0.025083183387452402
0.5,18.5,0.03030636780190391,0.009842766248449568,-0.0038561674843882645,-0.054548940643688947,-0.01252465863025497,-0.020966858510414656,-0.011326068340881118,0.02196992605910983,-0.004589266299119918,0.015385482825595775,-0.011857043938621309,0.010646063920812375,0.007210911954956907,0.003708442524652056,2.4129470142145327e-05
3.5,0.5,-0.03162532344985914,-0.01257624254836385,-0.025850221821690608,-0.0241609885138013,0.02948834412159377,0.031057245411046,0.008396924930648631,-0.007958637754313514,0.014193218928789922,-0.020276663655592313,0.03129722352393613,-0.0026386413625451217,-0.014031357398327199,0.004644360210352141,-0.04139592718574519
3.5,2.5,-0.005897177540401364,-0.01695516448726294,0.008429120555061521,-0.01474169613923943,-0.016371616665471954,0.045902798924077455,-0.004564310778361797,0.044872877680095076,-0.01107473778309489,0.014706887582129133,-0.033895228319836185,0.03180427596744404,0.0033344905632086866,-0.031497016388060316,-0.009927948263469847
3.5,4.5,-0.029297179276777836,-0.007319489617726332,-0.05083171785682194,0.052074213473191334,0.017280157912246488,0.007651997750378827,0.002165826339196396,0.021644598230993184,0.0185635535945852,-0.037294781532505636,0.02597982801509966,0.0055055417247626805,-0.03684607077936111,0.02691105960432756,0.003923569365648506
3.5,6.5,-0.01844286746027129,-0.02866369408895421,-0.01995880947647848,0.025419474353673446,0.012756201635055775,-0.013747108662897481,0.002661322534970875,-0.02915884335772683,-0.031829073430635985,0.0024129738959191606,-0.01293038375472148,0.029763351115411445,0.0012750908347877081,0.052540242205257826,0.00023638675888768915
3.5,8.5,0.03456523670502491,0.04803496177615332,-0.01650918677320093,-0.00039307640886562383,-0.03437374991076182,0.006356817481744872,-0.016412376479870486,0.02261752441897869,-0.054452243019415016,0.007789950147832692,0.014676566917064211,-0.032272708013205496,-0.0041234007808281185,-0.02764005882480105,-0.03337927102682273
3.5,10.5,0.04351206654459,0.026564865244950452,-0.018531360080872014,0.012779855047501256,0.026459265631675517,-0.033798399095738105,-0.008184051230596066,-0.0008655405536392724,-0.022896753666886798,0.00457604964615276,0.01139953590642922,0.03587511383599859,-0.024160320852590688,0.010665274685265343,-0.006496320320456375
3.5,12.5,-0.020322341469697785,0.0137617672525707,0.016296244345916013,-0.023602555353313258,-0.011210136278806425,0.030903843233811467,0.012916394468469612,-0.01829674526220385,-0.0010407663746747372,-0.01267112076730227,0.019658690762251626,0.02158665801129785,-0.0011728517019267476,0.013007494160547414,0.03660875870447837
3.5,14.5,0.007532463810130178,-0.023493756141456004,0.0003315268920525584,-0.0194897708008617,0.03676655091396853,-0.01958793025673027,-0.0005894712447528448,0.0003217381438275002,-0.00937954913187347,-0.0020576625296335575,0.02396746008534855,0.021982977804858826,0.021166921695839332,0.015584362492691385,0.023032687393909873
3.5,16.5,-0.01772974123440895,-0.02461548757750715,0.009052050770684104,0.030054365880927955,0.008206269677360633,0.03891352853908678,0.006290900000647053,0.018729638184412777,0.018981391909062742,-0.022280638018555666,-0.00510421787244553,-0.01637647587588582,-0.03756251851383851,-0.01835042457208004,0.033891747964715724
3.5,18.5,0.0064589032776722274,0.03608709987072455,-0.008757718948824982,0.021395285251789395,0.005263921192732716,0.020000234411160597,-0.015498214927660072,-0.02616213680022194,0.008096944070097126,0.010274761364480994,-0.021575899296404123,-0.03946949869294555,-0.01090277506278732,0.005486866228517089,0.0068753672939075765
6.5,0.5,-0.004101238282791015,0.028002720060191857,0.034687122378066426,0.018506344111513705,-0.053052240672396465,-0.011216627097059399,-0.04241764596616541,0.0130437501969244,-0.01411241461729108,0.020266348871491056,-0.021515334070621384,-0.026782449625925322,0.007903329664976717,0.001029436883485892,-0.014063174354267058
6.5,2.5,0.008430720724709347,-0.01693422253782228,-0.0014526520785052956,-0.0051999848771691545,0.025164831541755556,-0.008086308651217518,0.0016475463687162357,0.026956103961463522,0.015193492558359709,0.019591372468358913,0.009253785942999922,-0.023970913847687816,0.020581205437379006,8.61151153191151e-05,-0.0028736148292350487
6.5,4.5,-0.028893936749256322,0.02623769049993526,0.001228122437599635,0.04105525283016213,-0.003246317859612091,0.007804488986375151,-0.007158216452585907,-0.01587186992919047,-0.021385523731467918,0.014255587874758228,-0.013978770601012928,-0.003042998271776606,0.015604621211718883,0.020226934394402988,-0.012971565077569271
6.5,6.5,-0.00667652999129028,-0.025116727359913056,-0.0018620581666562387,-0.0065355542353624785,0.022755914983891935,-0.016879613501230104,-0.016697855422541368,-0.018761600424594876,0.028084644268516458,0.0067228923084187665,-0.007050664461198115,0.007602012130990442,-0.009581353607393666,-0.0007568889675947275,-0.010775977076878796
6.5,8.5,0.019572283402140546,-0.0031012460767141864,-0.01922726800772757,0.00331439374719233,-0.005035034895906803,0.0234208098947959,0.0036617385580459544,-0.027989446233086645,-0.021891581947834544,0.039046109028554266,-0.008480613352392702,0.009215061779526535,-0.021758277097418597,0.027916260555921737,-0.005029111925534452
6.5,10.5,0.01515185692622158,0.01588704015621498,0.035938703642327346,0.013530779642108784,0.01186748436748856,-0.011348649919981997,-0.005829275124935829,0.019439557247724153,-0.03799793771893862,-0.02208065225059448,-0.005865347509123201,0.004623334737991973,-0.00508021699218554,0.011855693570234192,0.00019971685138709967
6.5,12.5,-0.018450403558762086,0.031015559880735632,-0.0317231817242552,-0.035511253583191495,0.007673750564202765,-0.016861186939387915,-0.0091319546692813,0.009223218552989423,0.0009546983054747705,-0.024806539911890198,-0.015461918249764357,0.013730562675040808,-0.025675352168220023,-0.010387209823644272,0.005907754440088622
6.5,14.5,0.005668146133526274,-0.015865772774569235,-0.02595288877555937,0.05185591176975977,0.002062230238856736,0.006684534222015687,0.03025215304262223,0.01571114025957732,0.022133952447430827,0.0384092385636369,-0.005566852694333103,-0.013452011150393428,-0.01745828273864195,-0.026407614497638263,0.026174705942423097
6.5,16.5,0.008753481419360144,-0.023598564025639673,0.008257924729047348,0.006775828624318345,-0.026462356494399306,0.01906544107921902,0.04222538898484821,0.018036500955845313,0.00917068193744815,-0.019952216251993723,-0.0034876146645970484,-0.022287715268196843,0.012510156947368784,0.02784321795886385,0.03745820264333215
6.5,18.5,-0.06102797321229194,-0.015151229904851595,0.00785920100768296,-0.028728519416944893,0.01614526309227211,0.03803990205467466,-0.01903233310522897,-0.039808099749012234,0.013171392743751726,0.01254679291703803,-0.003425449199117739,-0.05928539386239436,-0.027241596697950555,0.017855917353184113,0.002476948798861215
9.5,0.5,0.03638487452109588,0.016710574832012645,0.03382589946096857,0.017040747832053775,0.020499018610558976,-0.018946622230150662,0.003602883391753172,-0.005116767072596916,-0.007874348870724968,0.016619384964244935,0.004474945533527208,0.017530531048567277,-0.006261154918182423,-0.016207256230554242,0.003293380817182273
9.5,2.5,-0.002099550461866208,-0.022813204482256128,-0.049693736664985895,0.01250393243208825,0.019453381252259903,-0.00590740431349317,0.0147981583144737,-0.006929738338969148,-0.00761202090536216,0.019940923522588375,0.001998154295946205,-0.01739741074132968,-0.01895337868615185,0.02130155505602995,0.0001329947635588106
9.5,4.5,-0.0048835635411252675,0.035458739867958645,-0.009343270202627119,-0.019852547160920414,-0.05122363763013952,-0.005997916884487825,0.003391363220398459,-0.012421152612734677,0.002088993243901584,-0.0016677079520470523,0.0055820688167072,-0.0037072052036571375,0.004718059337977122,-0.012790502321078059,0.003098656866786137
9.5,6.5,0.06103940003878279,0.0041730564376640696,0.006904867617722866,0.00013378791364749545,-0.010609077264317219,0.001512630430306442,-0.062424371395378805,-0.022978935939568467,0.013276372829998556,0.018511540587109042,-0.011559313650889379,0.013169348266176316,0.048383971401477086,0.014741176662506952,-0.012962690875260379
9.5,8.5,-0.004179051801164848,-0.0004431376763580903,-0.03122742201156277,-0.03281112518266927,0.014896375432689995,-0.019946636626349767,-0.0014472260079353356,0.013017002274867647,-0.011288093515002439,-0.007310754711115562,-0.016675449354108043,-0.015466219697205266,-0.04511838777755599,0.008656060028874398,0.03340148639382488
9.5,10.5,0.01856311701021438,0.009820186025775852,-0.039441822943690155,0.016541327857124585,-0.02838438584540877,0.028404409710455415,-0.019303816614610753,-0.013101705532568907,0.003850060885736612,-0.01137980963272455,-0.004664867590009854,-0.012614608468968367,0.015241690321167468,-0.0024303386745659194,0.050439463806133296
9.5,12.5,0.0011361833867036487,-0.022486878706257755,-0.01641839995142268,0.015510064984302708,0.010423793720830698,-0.0018263248120683328,0.007077018049201172,0.02080010695936559,0.012047206410372815,0.03895749693587101,0.00877397251059545,0.03361591523713343,-0.03015667820338386,-0.06064934184797584,0.010419929398842238
9.5,14.5,-0.009884903826640146,-0.031110634527884404,-0.00948190701246179,-0.014205292117237207,0.024956867235788865,0.004211144355932525,0.026084758336146027,0.00787905927850258,0.011852630593008852,-0.011374721297961436,0.00658315397958509,-0.02141472984842948,0.006659076721233468,-0.009468593176027195,-0.00847419186029914
9.5,16.5,0.032864734053512715,-0.020596564351251016,-0.006572853794715215,-0.032137150022493344,-0.013271619389373974,-0.008403249198587554,-0.012594544402637547,0.01396597076958433,-0.0021037347367111082,-0.015767005869902158,0.0015047634739157167,0.0025371860391952663,-0.030588114810200375,0.002911340048496834,0.019045066662032224
9.5,18.5,0.006022284659007445,0.013256018123060204,-0.053964707527462574,-0.007216514313111047,0.02080129347373333,-0.0068263492339209865,0.03685932524439857,0.03709867509672941,0.013149074455797681,-0.03813721668117604,-0.008493810668201785,0.005032752857652452,0.020357061340404825,0.023171991523316428,-0.00636962915982612
12.5,0.5,-0.027543558984852678,0.04264003304335225,0.04565244131044669,-0.03865684575699201,-0.007733590494335864,-0.0043745299640277424,-0.013120254522347038,-0.0044378537703384,0.014922473298524521,-0.016142532228922195,-0.02375644299175222,-0.03207247352840766,0.030488592859240465,-0.0035517691792190287,0.005257275456450926
12.5,2.5,-0.0022004311030970943,-0.0014292341087047589,-0.009836846262745304,-0.03699081230397279,-0.015546737300821276,-0.02211647975787165,0.02878381891096143,0.03581747724869104,-0.0023809329660129533,0.024292914540460904,-0.03663548082479029,-0.01584349497667495,0.037113561109307316,0.007588807723308799,0.0189775907254902
12.5,4.5,0.021528366206334623,-0.015442979368047132,-0.002318237258009947,0.01915677767862065,-0.017666853649388463,-0.01691967375879865,-0.03594548868098821,-0.0364808537144505,-0.04401781150078819,-0.013640385550227065,0.02311044280394515,0.001902776694091526,0.0015568814457199,0.017700144130502516,-0.005661574650491959
12.5,6.5,0.004236147900271269,-0.03817656020135938,0.014609393816727921,0.011216899774490374,0.03310085924190471,0.009080115882886425,-0.011432255505642716,-0.00022221879352679028,0.023486364917767757,0.00958893500397499,-0.011888462714120335,-0.03429497421972291,0.02224849014472651,0.010699689234124484,0.026007208336933204
12.5,8.5,0.017535216401248867,0.008993238421952777,0.002457739876914344,-0.0016916610314047175,-0.04128607826407325,0.011453758624510839,0.010652602716220958,0.012244832032254254,-0.023255913696144843,-0.019326222090292684,-0.004628794516847396,0.031385914347006445,0.02458056297959206,-0.043108467179083204,0.00014327373162256355
12.5,10.5,-0.009972460849118523,0.005882117171080676,0.006978823998596304,0.00333929216790502,0.015238683474636958,0.01855842392745906,0.022945972484618497,0.007565774136687491,0.011300767654588184,0.017473562194489485,-0.011853910723003474,0.017799593689968647,0.010135657390118999,-0.026963651683359863,0.002856752011372722
12.5,12.5,-0.023852885391911546,-0.010848418327575198,0.022029958142898414,-0.003899934159479266,-0.007448502577113782,-0.027474051193785067,-0.02499859558458208,0.00830353533562998,-0.02604980751263431,-0.005165878484133422,-0.02833673939986821,0.04087544138434233,-0.018700116200994144,-0.023196065474805853,-0.028520368996921997
12.5,14.5,-0.013226485036820728,0.016339680004532765,0.01726769968354258,-0.009451613458378133,-0.010891005787600971,-0.034160593334023485,-0.015455098620141257,-0.02224673697437764,0.010835673558436983,-0.0271017978307539,0.012845242461883663,-0.014903227293556094,0.006480384473375222,0.026438129323620167,0.0014321494781987612
12.5,16.5,-0.000104799282227047,-0.004424338382412397,-0.010631774870455685,-0.025582968599644977,0.009512627951794897,0.013302371215445759,0.013675542467534442,-0.011383133937020212,-0.045002030233068,0.02929470911935141,0.0529018228362001,0.030907694334305166,-0.009175890006911777,0.016797740895475838,0.002921492134719698
12.5,18.5,0.021211941051584967,-0.004614228790749818,0.011998685312953054,0.017073296029754555,-0.022136227935140654,-0.0015531117745525343,-0.0060241620666802225,0.01626173143450435,0.00401877269509597,-0.01794873487898345,-0.012904706765764344,-0.0014988296178913578,-0.026410697888849168,-0.014253305135545576,-0.01660657132320922
15.5,0.5,0.015948243908989752,-7.855065933261408e-05,0.010863014605741714,-0.017995865590051383,0.017873949636928187,0.01747992570862457,-0.02005171657037031,0.013142520997146107,-0.004198168281427039,0.008953754984444581,0.024466959206494627,0.0016163073426085125,-0.005281549639968156,-0.004335051317095314,-0.013028570482307902
15.5,2.5,-0.023884849282874727,0.008399618287773412,0.009568463499092305,0.006680154437299212,0.01907786290467436,0.0007926086707827617,-0.01703383880738122,0.011477812262496239,0.042099504309819576,-0.004366636496797324,0.004421439822834757,-0.04092492707563416,0.01383932975811416,0.020879980190647796,-0.004648407681406106
15.5,4.5,-0.01128976843645555,-0.0013193242347314931,0.03930136563875586,0.002637733576067621,-0.009915635696253765,0.002378498146728633,0.015546198169541595,0.006934685956180297,-0.009556678371246068,-0.010072213410560684,-0.0013902381717052794,0.02947015861050527,0.0282038985978586,0.012574862759065945,-0.004009166856676022
15.5,6.5,0.011637947605016083,0.001184263918707266,0.0025942920414783097,0.013193922217251517,0.002667132802258001,0.017003801471908758,-0.02686207384203733,-0.004493274444757779,-0.013363443600890638,0.010763040856198825,-0.01660174952251427,0.0019117636786979506,0.013583348847820274,0.01615904120111986,-0.034073068850254205
15.5,8.5,-0.023234348082034922,0.03825285952940921,0.020370525117509863,-0.01428559451214399,0.003328830696153921,0.005758004335124965,-0.0054331388016770924,-0.007155081224168835,-0.005235197517157619,-0.04132098231093127,-0.00642738730297878,0.012387946117831993,-0.033404317700123344,-0.00039685403149471485,0.01302024615725139
15.5,10.5,-0.032090737630595466,-0.002276070245894969,-0.0025535597489007426,0.023990678884992803,0.01039621869751821,0.021938421856003105,0.029077779528681406,0.044824055063132195,0.021290663409009477,-0.028177232366151418,-0.004952825775315168,-0.035356290967495874,0.02020940471374119,0.006579377634302314,-0.004412700736356453
15.5,12.5,-0.027282835436624443,0.0025854988055502015,0.004725078155987852,-0.017204348300112384,0.007743407373420549,0.02323057355218015,-0.006066505470090109,-0.016654191324781655,-0.023501870804720652,0.026080086078840936,-0.027943048995162926,0.0033429916479888583,0.022070374223416258,0.011900661850779369,-0.007315002786049887
15.5,14.5,-0.027284610195398393,-0.032389284904154034,-0.018852465275101118,0.0065394082769043875,-0.02479419612751831,-0.01868245732364674,-0.0043663680831924154,-0.028766741253081676,-0.0004403316667078716,0.0434212187468946,0.0023993439627415006,-0.007997680816418138,-0.036799579991267706,-0.04678547095237675,-0.014444799869056606
15.5,16.5,0.015360757582843927,0.04667850957820002,0.002645923705916863,-0.012109008001906537,-0.018776402700496096,0.008624321989076828,0.007543117745322232,-0.011637979985072442,0.025075951182436506,0.019689797345248592,0.004930446042889713,-0.002076826838686061,-0.011426548844072555,-0.029671452984351344,-0.009321959496407059
15.5,18.5,-0.042023050968202656,-0.022207189513008773,-0.004808099738156645,-0.019227116541696707,0.029277822270723498,-0.02771405182582635,-0.027514053500646764,0.0023881036210986963,-0.01607779179078324,-0.0027749361005043834,-0.03574965490359387,0.010632304947099078,-0.059446347483510756,0.0043303715462739804,-0.013302593366169378
18.5,0.5,-0.022318172032978673,0.011679850960278446,-0.03086440067720284,-0.019627960810941515,-0.022797609550420473,0.002127238145180539,0.0072616426398407225,0.0401417517725512,0.010964786542659179,-0.02684150029327651,0.02376557575308573,0.024511051047350078,0.0016074236577247481,0.017594423383053358,0.011594755822971039
18.5,2.5,-0.01431812039534315,-0.07701708083416985,-0.012482761730434153,0.025008382505148575,0.024895319027879767,-0.011932989782984679,0.04034380569801159,-0.011086305531972117,-0.007343108993912841,0.03132250863186284,-0.01056564319416985,-0.02753879104868541,0.0071418925768282565,-0.015987689008357234,0.001902905923605268
18.5,4.5,-0.012585074528962507,-0.005038743819768317,0.000296961938069276,0.02615227072485494,-0.012713006487871478,0.006691031072560421,0.012447594780194554,-0.0067439484457174235,0.045252062699024036,0.02659744264040992,-0.012567378887776924,-0.0001997391790415307,-0.016757773201999764,0.025606198842976997,0.001777669030333854
18.5,6.5,-0.07248165642323963,0.019962762916936216,0.0025480653264715754,-0.012951221196063584,0.005230120356333833,-0.009324956319069365,-0.012297762649560657,-0.008361715289153892,0.04504626952002554,-0.012271128474504385,0.01255634906433078,0.029374403298358477,0.012371576951262687,-0.03549093513453139,0.010097452894413295
18.5,8.5,0.020481912511045263,0.01635114581855796,-0.01325256769685199,0.0032675332562260026,0.0531277433580807,0.024887556502240133,0.016008936721541567,0.025834663884834335,-0.014206230121891277,0.017590773802149476,-0.009451781170336895,-0.01625845694789176,-0.005363131872404973,0.016203723690511835,-0.004974316254403412
18.5,10.5,-0.017619864943080505,-0.02382863185461143,0.02689120057643815,0.012305400020550993,-0.0038809488326212995,0.015356622225288304,-0.004598904405781708,-0.0002558044176759333,0.032693565688796854,-0.0008907040190890768,-0.017897720063088235,0.020964142060019824,0.01772480658056421,0.05287904106461729,0.023446289901582207
18.5,12.5,0.008613340884021896,0.023032958013249828,0.03364118998343946,0.01770556593461342,0.01905787538789359,-0.0061126636919275916,-0.029098893931817443,-0.019616585029718726,-0.032636964820100575,-0.016600105377550488,-0.014415118750587187,-0.05584053190017586,-0.014715373305736095,0.00420895084907835,0.003680971731735187
18.5,14.5,0.016063699912826662,0.019153322900375646,-0.023265924834162552,0.03855414318111249,0.018900777795128876,-0.0006745902996745343,0.045318138057070766,0.00879025780062774,0.049256718356437405,-0.0042870522032150095,0.009573038931712767,-0.003125284308388204,-0.007145269973375978,0.003669156892440659,0.004421682749776162
18.5,16.5,0.03128191978177897,-0.021293846967348887,0.03989589957368839,0.015767831440843098,0.00728666166598182,-0.008689924761559241,0.014305618392400464,-0.016951767707687453,-0.03918649869425952,-0.004972626336325722,-0.0409961720208333,0.0015164062870103223,0.0228450841480205,0.01584467785169208,-0.03401625736497079
18.5,18.5,-0.011665764293621783,-0.00023882650368538483,-0.014277750703293445,0.031097335195676163,0.018846190646586738,0.010853061722590944,0.017093998667746323,0.02327968835171393,0.023615162587461654,0.01378577756773367,-0.03897400649608913,-0.00044067258626004547,-0.03210853179764228,0.0036702013458277975,0.008362195575243158
21.5,0.5,-0.01274299898557635,0.001623448359967218,-0.042461287631833176,0.012019313056456763,0.005273319515914487,-0.004929390470896066,-0.0038991164176626746,0.008093925744047678,0.011600582029764807,0.009938756641385705,0.02410797372617026,0.008140536549379703,-0.020391997113120355,0.0195177753151556,-0.008431077159379147
21.5,2.5,0.0038690743857670725,0.037708875988209316,-0.007489692680401761,0.00310771307483566,0.03842942762706253,0.01574604173085523,-0.025832165677893346,0.006150527112671523,-0.0218296524876539,0.002068159084242164,-0.006245397113884025,-0.030637183033607348,-0.03225734187734193,0.041220995904798614,-0.017487868924340226
21.5,4.5,0.011513959942461904,-0.00044147726211103265,-0.004434236839721142,0.025522046630648734,0.003747477469140968,0.019785984670574873,0.022471280115668787,0.025590136827290246,0.05090968975210916,0.012764981679461659,-0.006439518244463361,0.029722831996798635,-0.010437425784429872,-7.155683402165654e-05,-0.02045315143323325
21.5,6.5,-0.0034441212277652234,0.015067653768880128,-0.015590647453572533,0.00594164833729242,0.011619905262384288,0.029786105780799363,-0.016654042537073796,0.004458629544249988,0.01854029817074494,-0.01766566458566156,0.00487009292050012,0.030363199235122366,-0.001568849016525909,-0.013337113720025119,0.0040679722647942555
21.5,8.5,0.015182866730133533,-0.018967451332961634,0.029279684121499103,0.004562222188697551,0.016613354765684225,-0.005223828996770436,0.034323266395705,0.01649230673907544,-2.6812174576408898e-05,0.04885583568963475,0.043197471774290966,0.024297714577917462,-0.03927254305294816,-0.008536182391779864,-0.0008743785892594007
21.5,10.5,0.014648854580052805,-0.048472668798595256,0.005225568651407114,-0.004778225544806462,0.005423917561568095,0.030275450378189198,0.013695544790479845,-0.026477260718908824,-0.0010536839693942787,-0.012974646142020903,-0.0033915625984010742,-0.029953940752493285,0.01785918264107596,0.005312660491837055,0.007366587689522275
21.5,12.5,-0.007080144477245966,-0.016552857782365156,-0.0028906046577155792,0.009012888861127742,-0.0023615479292371337,0.014248328597277763,0.017900273135898204,0.010779072469893763,-0.021300501352656855,0.01083941061262852,-0.03562163983061126,0.0018779934723426861,0.004760331825614409,0.0004347921221318066,0.026688872680087995
21.5,14.5,-0.01724092825579151,0.020685202197747568,0.007624572342896526,0.019189593551415595,0.009060172038718896,0.015514924044454143,0.00033817108099841014,-0.002025290817222105,-0.008513208955269282,-0.017641069162698954,-0.03735200726399446,-0.00831187057277854,0.039554064518070885,0.031289858699530056,0.023684349724185004
21.5,16.5,0.029749903406817067,0.044836483182026515,-0.03275424699207346,0.031079262237028227,0.03182253011702173,-0.02485617637641044,-0.009022183657173562,0.0026081160437910252,-0.017746022078143964,-0.021170625715517758,0.021330697326479128,-0.045720666568299866,-0.01369481436383286,-0.00407231974195107,-0.025048874408481282
21.5,18.5,-0.01276881527864888,-0.02180665006862811,0.02446583869589022,0.045604329457572326,0.01337381247975842,0.03164457548901295,-0.018742130409899055,-0.04522160894146013,0.035944589753356786,-0.005045191657564071,-0.011896704397257051,0.0025341308246082223,0.009160118777097563,0.0035692900542729574,0.038737934089371644
24.5,0.5,-0.0007087118313555039,-0.0026358829986616117,-0.009068203704244847,-0.005230999886242913,-0.007203493058577116,0.0012291130122594285,-0.02755489114469934,0.02749498707957269,0.01650863018480488,0.008296136729455356,-0.008427617819712597,0.011016611153980643,0.03185132338112348,0.051218822783372586,0.02651944386098441
24.5,2.5,-0.019409599502805762,-0.046759675103502804,-0.004871143532359035,0.03120731132687621,-0.01843056768725418,-0.00504138339986761,0.005274233141232957,-0.02416448802855956,-0.022828122876907733,-0.02100114806193276,-0.0012803843847137555,-0.021227172195515686,-0.021422635847990215,-0.008627537767210544,-0.01673445689158063
24.5,4.5,0.023060203457074352,0.014642547087847988,-0.02404923218717643,-0.016165809408990855,0.025285870125430713,0.004001309368662437,-0.01134937265057879,0.00022832076316515638,-0.01976278293139246,-0.01039582712495666,-0.01419158975865556,0.006882643853324264,0.008880637091466186,0.026749249455971996,-0.01511059565197083
24.5,6.5,0.029533076225120462,-0.007891671509989847,0.027730838627624377,0.03289564356367728,-0.017387609960232548,0.009531816251774988,0.012017875292158142,0.0010203933283589655,-0.011470078504023509,-0.02595172562550499,-0.03168071171969714,0.007216483351996975,-0.01815923380322798,-0.019870274425958748,-0.005706503374367643
24.5,8.5,-0.014413616729176114,0.020536876155878254,-0.037278922654787376,-0.02355886879657386,-0.008302673553682667,0.009672731449746728,0.025704985041556213,-0.0038686017461428716,0.028974084984070798,-0.048245517142714675,-0.01269613864974459,-0.00612498073071974,0.04803238681681741,-0.014117024930967626,0.019161517561334558
24.5,10.5,-0.03669247619261824,0.015615559289676966,-0.009514955590314324,-0.0023228068855355353,0.019843353545341853,-0.035488202933971646,-0.04047847893338692,-0.021905456636392855,-0.006585340313459534,0.010294478339089572,-0.027868168141543623,-0.03829699729126877,-0.025194078450993803,0.009015955159199432,-0.003368555257499564
24.5,12.5,0.032020696435859704,-0.032222046160859406,-0.0005672869258146205,-0.024037458778185538,0.014078303193690783,0.010407020295124645,-0.027889377170055574,-0.008685984716927612,0.017452674440238278,-0.001354586260348706,0.0072066126588844915,-0.019883538139289378,-0.002306649463273695,0.014502381220073886,-0.02799612150069894
24.5,14.5,0.026632226958606377,-0.006016428270074934,0.02415774256564746,-0.010202334085198318,0.02615047688080528,0.03675456257191524,0.0395268691133009,-0.003838415772677553,0.0053429533807050865,0.03842887831359199,-0.006860246912483261,0.028077045962938817,-0.0019343077809103586,0.010877724260231075,0.0058509545922217085
24.5,16.5,-0.0017219926576345186,0.014682146623794287,0.023734028551121885,0.024221965168360504,0.009094534963289913,-0.0034285207135988064,0.019710977517778765,-0.01939518480442012,-0.005461415627809763,-0.030072364657370215,-0.0009741500526983344,0.01610051048027592,-0.00962273421737148,0.0009482133462032746,-0.003957175203604932
24.5,18.5,-0.011438349994751768,0.06923689341656608,0.005625692866037499,-0.002246820289561616,-0.0005108572240539328,0.007584963330225486,-0.03500565949498854,0.01979696596704292,0.0009865421322602919,0.05567332366164686,0.005512013487988668,-0.017259833935240294,-0.006142323985650767,-0.0038910507801609524,0.02533293308371767
27.5,0.5,-0.002952021911753483,0.03152082648929846,-0.04692723291618134,0.025967610142640464,0.011882111650461854,-0.015068035591821875,0.020616310880910607,0.03413149253943391,0.01121420302947057,-0.0046659131000583,-0.02916404126238407,0.03054382824777964,0.015264105858308515,-0.0036439526350484737,-0.015058037762183773
27.5,2.5,-0.05074241361222344,-0.01007082779897763,0.01381106488347875,0.010856387949651058,-0.013482305037590897,-0.0074873257144546755,-0.00862536040817881,0.018332182155377522,-0.008545396831803864,0.04224491048602048,-0.010051807704948762,-0.010428206427196024,0.03889786216524247,-0.002759209789331048,0.0063837967192342596
27.5,4.5,-0.015859348500470584,0.009080424440986792,-0.010979104685264593,-0.04060733458350499,0.00819728701976426,0.006343118430666622,-0.007540943283199204,-5.706004089192241e-05,-0.039112039658083575,-0.010883982415736702,0.013128979089481853,0.013612604080030169,-0.007140232533030924,-0.022384653549052218,0.005172138001193195
27.5,6.5,0.007145800763628437,0.0042607789098614065,0.008406444474910499,0.014029237959984703,0.007619515612756711,-0.0008738404772358108,0.02718266441413796,-0.008108095576377159,0.011902380416799424,-0.014306314511651336,0.013986370424746802,0.0042896997884917095,-0.018791718629260223,-0.003026148274811845,-0.0061071946819337315
27.5,8.5,-0.004359377464565887,0.04793243215507756,0.013196348100040865,-0.04645014828505415,0.00348520087688931,-0.009472754157004248,0.0012540747595339386,-0.041659111338615655,0.02419222719988925,0.05901460965481243,0.0043923483803665255,-0.005372268834237915,0.005812930799505768,-0.01454292718793775,-0.02939990006449406
27.5,10.5,0.05365537391592589,0.027432263177023568,-0.01805504595407825,0.015956197974106977,-0.019620870039045033,0.04053603548166422,-0.01924420904627822,-0.015185884622570213,0.03546419164646568,0.03483597531960721,0.007824140586921236,-0.0004973773714521954,-0.007305828801047277,0.02429929228914669,-0.006802673421503147
27.5,12.5,-0.0011627257537529028,0.0031647012796910375,-0.01688863018687338,-0.0015991011825548724,0.01920429443249944,-0.004671525662668737,0.034487381644000205,-0.01681808904400022,0.03886304626915143,0.0031906334851743608,-0.013192282059753428,0.006071747553644282,-0.007860068506321403,0.014990138402068951,-0.01290740475701494
27.5,14.5,0.0018740170036529319,-0.005778867950079393,0.028298959881965523,-0.044495964446517135,0.01424243196412019,-0.026405343875939156,-0.014380590093991362,-0.0005695929489343445,0.0014164907070748475,-0.015947241315774602,-0.016366862215548096,-0.00047940721500157974,-0.02122585353528862,-0.0273835449681042,0.003239233933850921
27.5,16.5,0.013758592697898078,-0.0011364661281723105,0.009325613559891605,-0.02699690165623886,0.009738329817494184,0.002032120215993139,0.004404789439958523,0.0014308833757055675,0.010221461565094993,-0.04385067270938242,0.0010797283508659464,0.015429331717132394,-0.00013234030708519435,-0.006798729576020443,0.022070206817928466
27.5,18.5,4.162410656378912e-05,0.009402418128288285,-0.009207262374416448,-0.011006649572384931,-0.0023237408610394727,-0.009579176126065049,-0.0021791291627952084,0.028848759970661785,-0.01190597103382307,0.04212570351489023,-0.0005268869834188105,0.026558878820843675,0.001924004323566667,-0.03258838924089279,-0.01784394941118182
30.5,0.5,-0.04277505784388164,-0.024700917480391164,0.017884018896382303,0.016597796179631363,0.020619620422051246,0.018244237930037183,-0.003411293953968293,0.01346980361849603,0.009334596780865505,0.007976355342685057,-0.0033557821546606327,-0.01304445120459727,0.010330579261416622,0.0112020622151788,0.021417877401667944
30.5,2.5,-0.015952581159973594,0.020159651299340945,-0.012154471496394653,0.004256236968311261,-0.03100707837630753,-0.020058586650361372,-0.0084426028113758,0.027244768180712902,-0.03122700885210201,-0.004818442781050519,0.004558454007165738,-0.03673886064031597,-0.014876967276405254,0.011426401084009776,0.000997993681821571
30.5,4.5,-0.02319236077565639,0.03655031728916244,0.03146687407169353,0.00523247008947066,-0.01537047174665924,-0.041806018870809175,-0.015075388226303114,-0.053722043820133965,0.034672971997827706,0.022702136113698722,-0.0029566869929418455,0.01130710046721625,-0.005864749372681305,0.045157283827249435,-0.032264639662172266
30.5,6.5,-0.014686009008229877,-0.007873418643312995,-0.03626892502017486,-0.008962623656732763,-0.01198486511931419,0.0033339775619357116,-0.01766054765929723,0.0020516767195794244,-0.049549622266331396,0.00043687086347847433,-0.013110853168318028,0.021747902292947634,-0.011513710137773586,0.012770248428160895,-0.0274967297962556
30.5,8.5,-0.031128734442414537,0.00799066417946413,0.006428328573169694,0.025168254356990317,-0.007837739071504209,0.007677472421521661,0.042771587132709045,-0.000181444354626444,-0.011488310157470758,0.028449779157987486,-0.0030287652657772657,0.039676283329428644,-0.00247352027216166,0.006438462142701284,-0.017857017403843062
30.5,10.5,0.03791592529536906,0.023931268360217937,-0.007323928786011617,-0.01592189323068613,0.012520078839488304,-0.003319451604762954,-0.01820645938707368,-0.012360564696745254,0.005772432872014718,-0.009373011528186936,-0.034629177743875895,0.015410534053638302,0.012286291766694222,-0.015068537064768978,-0.008332828764727221
30.5,12.5,0.013122382923170924,0.011148550276937532,-0.015058637007551393,-0.00867889339245065,0.0072238002652486874,0.025922463756182155,-0.017395882100057856,0.04572448275995616,0.011077290779954889,-0.008973912733190951,0.028111185787183992,-0.022045826576094926,-0.002143037835023178,-0.01864045184120208,-8.140541117370318e-05
30.5,14.5,0.004546971782841249,0.006017573447937285,0.0021473958733900355,0.01488789432946669,0.031158484223726485,-0.017059273317763763,-0.027206383154332766,-0.03728712489681202,-0.024266163552730993,0.03835576010321039,0.0162589558442056,-0.002884847042355019,-0.035834652439095234,-0.014094319873207566,0.009925347654200532
30.5,16.5,0.024941155157068042,0.0032963878988306007,-0.03226921657640965,-0.013783976936857236,0.010706432778312751,-0.038235917463298866,-0.03876554478445922,-0.024019640561194572,0.0023610522848966373,-0.02768978210065163,-0.042843721828879,-0.02874198185743421,0.04361746931788135,0.02826635705494073,0.026928358094778428
30.5,18.5,-0.01119030485742424,0.013136892016107104,-0.02374709853586552,-0.00025989181256496496,-0.009863400758328577,-0.009212672504651132,0.02093882518965153,-0.01037602899778743,-0.022818560766462475,-0.000980316038151253,-0.028554267120255352,0.01764616215474434,0.01508657191404443,-0.018673169244011467,0.0416926391256861
33.5,0.5,-0.005492594848467775,0.0015189775318042039,0.011824270416799707,-0.03717298025596619,-0.0029174398466042927,0.007915897504589474,-0.014694248205314146,-0.007435380152639849,-0.017981760557581,0.006318818191526932,0.048250122783982066,-0.012497150339705698,-0.03367322344709011,0.014569620710305858,-0.021711987394704303
33.5,2.5,-0.04597665803678504,-0.020171531991179558,0.00013191693198601634,0.03494514752308091,0.022539755207799998,0.015430924947021609,-0.0031299061815708313,0.016265629358135907,-0.0042317431480779315,-0.015760479751703173,0.006740370431045214,-0.014899857368436993,-0.022221314542348887,-0.018496042008172033,0.02755713317131897
33.5,4.5,-0.0005353204178577289,0.010514148880748708,-0.03718474693753178,-0.011621336228065583,0.02936716815148543,-0.013977871557673369,-0.021631634825817203,0.018410855609902452,0.01685155799342547,-0.015872845164450564,0.01897488978483735,0.017665024389703188,0.002631805252496531,0.022776279779469357,0.005820002857229689
33.5,6.5,-0.0015687979760486105,-0.014423480610981705,-0.01739677549696147,0.0013404377555234145,-0.010575746493310894,0.026032362545602095,0.03536489447010404,0.008832172221451004,-0.009682878441656769,0.00942876276044048,-0.013129105389151208,-0.016910048347650617,0.003796404390292814,0.02087360541885055,0.01975515576284707
33.5,8.5,-0.013796251499377396,0.01694654483253037,0.0101043463848841,-0.016312591039947713,-0.009067457330496412,0.012795013429893932,0.008519643538897932,-0.026473601600587888,0.0076679652590522646,-0.01967647824715887,-0.008141879549308192,-0.022392456413532505,0.02378240150037226,0.00833423614510971,-0.015459077572293742
33.5,10.5,0.010153045665595755,0.027478894291280618,0.017493292335491354,0.013020257626487688,-0.006785793173316086,-0.03165459039413297,-0.007884069802462052,-0.004058592997048984,-0.024000550795454555,-0.009921197088466168,0.010322454784823677,0.035076516732949405,0.006897656258396929,-0.009127649327579963,0.007395665144176696
33.5,12.5,0.015467017492618612,0.005827616304501736,-0.02499095326209685,-0.021447710187577212,-0.04844300053651625,-0.004866183780952417,0.004784886029303784,-0.03545771434959618,-0.004050259016352264,0.003995960647094124,-0.008799089727162885,0.020422668559563647,0.023454809388144253,0.010498088860013357,0.01009173309650797
33.5,14.5,-0.0011551193375869324,0.0012330799111862176,0.011387429295390564,-0.02983159581277407,0.001611861021449072,0.00731913567489065,-0.0017661928051821427,-6.439128696376532e-05,-0.0059613567481493985,0.01245370030536586,0.03277287892476716,-0.04214943662520587,0.010087315094106672,-0.03157297811422195,0.03763832161397856
33.5,16.5,-0.01851783851647436,0.005939508495939682,-0.004407742125974764,-0.0278753068369606,0.0064022080446976,-0.011081194835829576,0.03594140826108024,0.0051055175650160135,0.0030183156004794116,0.005069966321350517,0.006317862270918648,0.043046219154873507,-0.02348433124169456,0.005253030803594349,-0.006982001636432622
33.5,18.5,0.00697252923570422,0.0400395611730461,-0.005688119073311017,0.010780946573053346,0.01428092907580102,-0.0006141787413379582,0.01744479261886278,0.009927324907296238,0.013115353677865494,0.007403023127062294,0.022179358071931617,-0.004170271742626125,-0.023974569037168898,-0.03436214382867862,-0.024326852838058518
36.5,0.5,0.014692257723705245,0.01744469662112511,-0.02910207485086572,0.039080302513843306,-0.02328069440858571,0.02291280976264577,-0.010921030758063329,0.009068252288197963,0.02978777627686271,0.008540634643046769,0.0036533629042210364,0.007729823449644522,-0.013002722285482464,0.01969967061608062,-0.03983908986668097
36.5,2.5,0.00650486852803347,-0.006279748400889836,0.002876206977100431,0.03371910664065419,-0.016592114933893388,-0.04804694004654989,-0.013681429108898021,0.010160780421089926,-0.02643410398241938,-0.012648523740180362,-0.02536052624151384,-0.02778402341480047,-0.00765595704850697,0.025687458218141307,-0.02853686111224106
36.5,4.5,-0.02944731652639595,0.007036307547434906,-0.0002699074015206979,0.007516504815042982,-0.02097507728635218,0.00953202126168977,0.0013712714989966735,-0.009006404820932392,-0.014204588693023696,0.0388610500641925,-0.00564877262520397,-0.04145360143755816,0.02580089360461018,0.005789250619177854,0.024128341731077453
36.5,6.5,0.003645574518587921,0.005142135187428639,0.03243910223486153,-0.01836894152972783,-0.004702921345262111,-0.0036751444940662397,0.011104706897623863,0.03430653611950364,-0.005679229333757776,0.0036734678194977545,0.0008362387639234008,0.015124387996708732,0.003720156010512524,-0.0029896474355157105,0.01735366394275352
36.5,8.5,-0.012457657224538244,0.008667270556702645,0.009337947293071332,-0.04024015930796,-0.02540132967344042,0.034152678387159685,-0.024430730116979035,-0.03438622627358572,0.009086941294428056,-0.01844458328796066,-0.06376578454047163,0.0019033671607545405,0.020305710210269293,0.02129277185281508,0.015134458097358881
36.5,10.5,-0.048356341989041075,0.030275592698188948,0.03004835692822066,-0.02298800396322738,0.021839283172638585,0.030718459359307858,0.0033964158844786776,-0.008507767056525763,0.015851704280870696,0.002828705728091186,0.016266871689281454,-0.006031040461972676,0.041884360966308015,0.020979976304229913,-0.016081648932507
36.5,12.5,-0.010554762235145983,0.030201058760853983,-0.001440568976103893,-0.005211512082891015,0.0012043972689042743,0.0014715714934128035,-0.014954993980529855,-0.03414933388918344,0.00199018808342984,0.02102365394584475,-0.029282964048422632,0.023270597427989984,-0.023461466573069724,-0.005202953748473128,-0.01549269591787685
36.5,14.5,-0.03460566283862328,0.0008477583063764262,0.0010423084051699566,-0.004243658348180999,-0.005577321038668557,0.0051704857353718015,-0.019867460132400486,0.0016298113867934025,-0.024751898297325083,-0.05074177161916891,0.0027761697626270338,-0.00963565013319547,-0.013829354262255652,0.0002944165029738633,-0.004009168325736583
36.5,16.5,-0.015367653738604622,-0.016431588406453722,-0.005261517808454279,-0.001115883172247412,0.025407003053781407,-0.017014269911456263,0.02601321379682186,0.015701697624753184,-0.027422019618059627,0.02317042161497265,0.016421790988541823,-0.05566752801334967,0.02477987950012091,0.02151475407146315,0.002363681834267715
36.5,18.5,0.030658514296917915,-0.0019542564726518392,-0.010526738505861766,-0.006531378139949708,0.00562322926865981,-0.014430049674430491,-0.006546106669036982,-0.013986022940006886,-0.0359110836164968,-0.014593923423949252,0.021485624403792244,0.030896487497095344,-0.009045671204640192,0.0012885608943768766,-0.01393743596256602
39.5,0.5,0.02253485624209299,0.00018675766407695354,0.025034051318189112,0.0036540131015334494,0.03351424216870303,-0.009759780581735999,-0.01456887969613735,-0.04393252278337532,0.03738854178914987,-0.005540223639669863,0.009708858890098438,-0.03257560492415587,0.026288420508645067,-0.0052782318678304425,-0.01499838641379836
39.5,2.5,-0.008275939140473072,-0.01094674185980781,0.0009509546305636201,-0.0043233845569832985,-0.015350304443472183,0.01934957166450263,0.0022562998434995734,-0.003387766056766831,-0.008455019791881442,-0.019066703572477403,-0.009540782151744283,0.01014462660652872,0.01256958552480816,-0.009536371108208949,-0.007336883557702792
39.5,4.5,-0.00828456779597453,0.041322464286753666,-0.012615043400180966,-0.004454114853845423,-0.04924747144544501,0.019142720208743934,-0.005196536029184707,-0.029473353416267247,0.027480391046978674,-0.03325288795023475,-0.018545854441821615,0.039361921919006934,0.004519535940724135,-0.005212864096178919,0.02346882583358427
39.5,6.5,-0.015065578275580159,0.028837127902219616,0.0003263699352727335,-0.04708961274071416,-0.005564731095006617,-0.04035240125688409,0.011550054214630939,0.003004727598515491,-0.047116491009564256,-0.007756946662028254,0.004633393172580897,0.005637073677828275,0.02019320530958813,-0.015282018101475676,0.01645539771729701
39.5,8.5,-0.03174779573472438,-0.023216153799365872,0.0003722304463966363,-0.01486389106962101,0.029357695270458364,0.01675586982336005,0.02009419004657008,0.013841139853328622,-0.0017410027569518347,0.01871307584798026,0.015467077747793368,0.014201666406640497,0.033633964873675495,-0.0005659759176162429,0.02737431293313102
39.5,10.5,-0.01979747261800788,-0.005863522871764431,0.019263970336406887,0.02481578179705901,0.03543571406595321,0.02985695064870752,0.006110390998048589,0.016491105927656517,0.011676859114808478,-0.008750678759691138,0.00033630560721895016,-0.01684347127166124,-0.042045050496175844,0.007493907199626969,0.005911784168720878
39.5,12.5,-0.017324478310175404,0.018389076871491012,0.06059318217003564,-0.011056000343511202,-0.015200859191301838,0.0304084302337568,-0.027948882454878535,-0.006377215689488471,0.0018214473600807694,0.015754729465188768,0.012254260408989352,0.01274216622754338,-0.011434562461870513,-0.0017286491108343776,-0.015212965850978222
39.5,14.5,0.003064932607563471,0.015151032592338614,0.014506638691765897,-0.015317706165939115,0.02196534056185355,-0.0029079023318958628,-0.014777729904390764,0.01466219905109592,-0.012768622259945874,0.031108678137361973,0.02152734102572463,0.027547778245471857,-0.013052864822395944,0.03139647587330278,0.01118212284459392
39.5,16.5,0.008579241652784498,0.0190996427321036,-0.010986374836471743,-0.020954408197959865,-0.04659620579205364,-0.019413887208884085,-0.02583573453061505,-0.02573896753615549,0.015284783177856552,-0.04051519198734819,-0.034118528052916444,-0.0009035813592078263,-0.010735471802313011,0.07635968291412139,-0.0011558850907879947
39.5,18.5,0.020650423940899606,0.020801807041165434,-0.04521648844455882,0.013383071827289934,0.013814502263697879,0.0021781463907036593,-0.004623379339068971,0.006782173910105199,0.020967512403462556,-0.013925729359664204,0.026094654699584538,0.008498730754628047,-0.0124163939111954,0.010727580953314985,0.018531741201545895
42.5,0.5,0.0026654871329211518,-0.012913168834308429,0.03136013726816445,0.02085196189345584,-0.013885741913806145,0.010056246763087964,0.0021194362308463344,0.007567340382934952,0.011493339361711628,0.025117579617249627,-0.018983137774247368,-0.017756189109023122,-0.058830545150222686,-0.004932988290112826,-0.0011189174327036033
42.5,2.5,0.005714807943574359,0.018999320807404248,0.022367898906354357,0.00882252492027768,-0.01080677477278144,-0.0010472716707370067,0.016636006533831363,-0.0018599920921824906,0.019848315570546952,-0.026930281354892262,-0.011059815374954613,-0.006519473322024735,-0.011319700486005698,0.023012151500812292,-0.016745459841984923
42.5,4.5,-0.00534214886227341,-0.01765981009289169,-0.03442902366569835,-0.010077846456490833,0.029111285520122026,0.010963333907135739,0.01753003610686199,0.0124263137429353,0.022788739798983184,0.012318319199654808,-0.007891290681696288,-0.00011498690780537075,-0.01128495942154513,0.04136810741152599,-0.04210603905200765
42.5,6.5,-0.03386560183670594,-0.04372637552231132,-0.008943626210093262,0.01293863736665452,-0.05535591401794983,0.019586855386781062,0.008579116894406106,-0.0024704958367508583,0.01161471483598114,-0.025232227344543064,-0.031189847642262618,-0.011079889789961267,-0.0030406901856910398,0.028921396530618967,0.027409643929645202
42.5,8.5,-0.001432111791398393,-0.007353553328478108,0.03729962886933905,1.5856511400547183e-05,0.022861746256536274,0.027758674204220495,0.003608979321909811,-0.02196592321708249,0.048485946383103946,-0.0004153242990215894,0.00612077005693018,0.010947073883398632,-0.02771365666421476,0.00304189037920678,-0.02627073611041682
42.5,10.5,-0.006997411981870334,-0.03878594436077939,-0.011769805624081857,-0.010845133128553388,-0.020653940632864687,0.0006475853758810134,-0.008401871174465824,-0.023788394986194453,0.02405826767636024,-0.019793489621314574,-0.003427868529209668,0.004913544374686876,0.007325979479309011,-0.03307511805242253,0.007267111995712432
42.5,12.5,0.02475280358282018,0.00546280361150895,0.004730784070787958,0.04307789831660209,-0.012476420217548318,0.03292381295144802,-0.004787860162531347,0.049595592850416155,-0.04053340369372996,0.04727286276204166,0.0004108809155526408,-0.0061183884971412585,0.0020394599429006204,0.01219023237680075,0.02886708168947341
42.5,14.5,-0.057834723449562114,-0.015269724494040163,0.007716953462465578,-0.012341699999320763,-0.0063371267331488205,-0.003750681425890352,-0.02738627985909671,-0.022897677603144137,0.0026248816367701855,-0.013115211924220951,0.0039315526191391744,0.015104395624893479,0.02629055630581608,0.0019524745182615865,-0.018954484817623674
42.5,16.5,-0.012019658025197258,0.038888976532216846,0.014828739860815489,0.0020744605993410358,-0.043703313196684385,-0.012100003066710031,-0.006312649240733034,0.015076007318850863,-0.005533335652135684,-0.0167767409912737,-0.014785531909760844,0.009162348303005654,-0.005709141139852539,0.02080161101598746,0.00684452840288797
42.5,18.5,-0.04836601235286851,-0.026713171796195406,0.0016825974224668814,-0.003591316576271945,-0.02828297145304275,0.05282647699737552,-0.00766869872457273,0.030256433816121288,-0.0030236228072170555,-0.015634618736528015,-0.02166215679252933,-0.0011893536403484745,0.011831334012375584,0.001986591013698096,0.02717036511916302
45.5,0.5,0.004091243086557909,-0.018474325063384218,-0.028724116364632502,0.005584400591498213,0.00608807369506194,-0.0673966716803461,-0.017555206285083894,0.0047839427420472355,-0.0029472873950384102,-0.0022358668265236204,0.006546164205941063,-0.0047410171524016696,0.030898753417471177,0.0093711087978248,-0.0077194728129415845
45.5,2.5,-0.0033902065920954332,0.008019060544376745,0.04300908235997553,-0.017116998252100096,0.038549527373283425,-0.01969670361716577,0.023684698624807675,-0.01731252526440856,-0.05489125122694937,0.017145758992741202,0.020009452107715653,0.012766006012745057,-0.0006260578342299522,-0.022419930443253102,0.021909787982043245
45.5,4.5,-0.01840424521951015,-0.01993381414986835,-0.012713929714990992,-0.03271532954993384,-0.02256169240738813,0.036368309188474765,-0.019217631861299395,-0.017492024302434656,-0.0012692938459784823,-0.03458042815304676,-0.04876580097315917,-0.02565923292061065,0.039517318151689323,-0.006447987059785594,0.015533970991401995
45.5,6.5,0.0016975886413989156,0.003871647303136373,-0.005054213071013682,0.012978425071094379,-0.0005101941847277876,-0.017739439326534913,0.02374361386180151,-0.006428120132847093,-0.00864840044483693,0.003922336837867037,0.008114960737221356,0.06948339919005647,0.01532601558259371,0.0030766074499185532,-0.01480784457623885
45.5,8.5,0.018651742339666072,-0.022947160401122563,-0.04691998797418232,-0.01914155787624578,0.014067350000434888,0.01910517842991574,-0.0070337541820973196,0.007707008654379943,-0.002367756280252417,0.012900967349945995,0.0036019643980876675,0.00607963241567423,0.006415769117760562,0.04671660848050555,0.0026115264072944988
45.5,10.5,0.06578323023759525,0.004717818557614601,-0.009846231301801905,0.010195236052240365,0.015630482865193314,0.011683509115272193,0.029113291101554886,0.045279353045671156,0.029473314888953377,-0.03100079289203168,-0.031050152593915133,-0.0318803840955951,0.02375758534855473,-0.061364726427481045,-0.027386473196760526
45.5,12.5,-0.011768769288388346,-0.00558063242847424,-0.003671111299981009,-0.027794036364641027,-0.02236186146798936,-0.021132666604597655,0.00222889429180232,-0.0015953894542477323,0.000970021945205111,0.004073188159167711,0.016283016933205652,-0.027849680180498444,0.026976821892140262,0.0637258067909074,0.02562897270362132
45.5,14.5,0.01689521179403706,0.021256950216163983,0.029814409648568945,-0.010893514031764407,-0.03509534469404487,-0.020164070471111014,0.033117969225169845,0.014522944048704108,-0.010307223325275046,-0.03719939778433851,-0.003392941191377606,0.04982915039832079,0.014197043500287257,0.0218200543399101,-0.018140594272635
45.5,16.5,-0.0007369685304910589,-0.012208167609103425,0.011272886499887575,-0.002209809721389768,0.0138313507910566,0.003797717903399619,-0.05851927768249485,-0.007940369852027349,0.03641736239105745,0.006644698335986846,0.010365136192221583,-0.0006494797526698231,-0.03285526772008379,-0.00414499651766813,0.030094196838696304
45.5,18.5,-0.0005111684784773841,-0.021255748273008614,-0.02744087642264825,-0.02793274241540848,0.0348277284695465,-0.0011427893084198005,0.005749076778256772,0.011589359072105669,-0.015442958905371276,-0.025144609501091274,-0.00652459496040949,-0.01727326902663048,-0.009888087283318348,0.037513230477310776,0.029675544864746523
48.5,0.5,-0.017450006298864246,0.0040779043013088635,0.012050258192972795,-0.007062568814618808,-0.02877057693175109,0.006258687532772372,0.014757441007699145,-0.03073179426729948,0.035924137905182736,0.01489687647407144,-0.02053200436627624,0.018077892784756713,0.014286007727328716,0.01695429887201917,-0.01366889691970901
48.5,2.5,0.06019382945310795,0.011993999231634016,0.02239449528920783,0.01106337078698913,-0.03726178310059912,0.017541590410274078,-0.022683801145127077,-0.005611065713564071,0.017565388590044403,-0.028819129554487132,-0.0034894702908957916,-0.03165096673295461,-0.006645611103223226,-0.015717393008628927,-0.00974573399691374
48.5,4.5,-0.02438492496733192,0.013192549778040281,0.008997756102950831,0.003014309457912177,0.045353638482059117,-0.02179672045179409,-0.04519698418594869,0.001583653327462383,-0.006333276772360556,0.02975422337228082,-0.01225216369658781,0.0031099648503225908,-0.01628340787941522,0.003395342803720896,-0.02576814548952044
48.5,6.5,-0.0005315859099866542,-0.032422709912783045,-0.011149961367269735,-0.019252396898821605,0.013852366524183042,-0.037340589268054065,0.005436357668713544,0.0051457013413369,-0.03719704893386155,0.016377819272931037,0.069593391628667,-0.016703712985498727,-0.007538080848142024,0.0218589461149855,0.0024753853465410264
48.5,8.5,-0.006337373137611599,0.04658881797017087,0.018827781540265192,0.015932236190307383,0.027697445811673913,-0.04513249353416156,0.0031899941846753495,0.02352874691524681,0.0052020286631392024,-0.054750927640518136,-0.025085344103297286,0.04433707145755166,-0.005103168699975253,0.013664830510773817,-0.01282021732592093
48.5,10.5,-0.017277019748616368,-0.044623578968512316,-0.0187347452676625,0.006779459719374611,0.002290859477512015,0.028695323114976145,-0.009921493617729057,-0.035152029664121745,-0.03349833339701607,0.016077294589467495,0.013017629720948108,-0.01384695033892553,-0.03923366319753122,-0.02418923101548099,-0.002773075694722344
48.5,12.5,-0.02366929949968551,-0.0038385745432641663,-0.030153997984334532,0.014553629102889525,0.06372058016678536,-0.0010801259804156587,0.002219804339435911,-0.01624589279278526,0.012171970896346055,0.00941827758380527,-0.009546982461897691,0.004441896131954274,0.04785022324109594,-0.024153586148082874,0.002298582003541318
48.5,14.5,-0.011714478256031058,0.007207743091464934,0.018416010146027246,-0.011904350638023736,-0.023101052377993144,0.010648934451917317,0.018321724049316552,-0.007036020331395371,0.01614502861470211,-0.027345905079195466,0.01894378586287118,-0.004293425256656608,0.0071010616497400175,-0.004456214974634278,0.017471649430342476
48.5,16.5,-0.0004564713558563865,-0.02133181864329292,-0.02553785031735403,0.0199410878145092,0.016049565036044294,0.0014314772447349996,-9.026025276307492e-05,0.022919400670302428,-0.019676078362222956,0.010478142871577136,-0.014944997139916342,-0.010020554166531762,0.00303281334015603,-0.010429555703562554,0.004061212637424071
48.5,18.5,0.023311912447989632,-0.004117818316109372,0.024526567443679155,0.016807782411621626,0.021505223363859186,0.03760205168174921,-0.01347226843551227,-0.021546939364636666,-0.014413053975498628,-0.02291883321193326,0.0196527630384232,-0.01759127391885923,-0.0009255032133901076,0.014614501568116018,0.01742878632855461
51.5,0.5,-0.014544936533690064,-0.010365586331243336,0.04168942974621049,-0.03432828353114654,0.006942367283710853,-0.009614642113657045,-0.01180043566262206,0.008137479315034635,-0.023960358682997257,-0.03060313893544077,-0.013869489585701451,0.04778113029424351,-0.04604683461799168,0.0017260977869285907,0.0006755343533308854
51.5,2.5,0.004811584396329653,0.04322250706855753,0.027683761541107365,0.04683771297475858,-0.002325159744626905,0.016387872521906037,0.010034764951706408,0.060915608626165796,-0.013891490683358147,0.04038667332113631,0.00394118078976641,0.04718212938262864,0.03657787988031134,0.010011607300023874,-0.015772303077382834
51.5,4.5,-0.002275378599318503,0.004217499831538334,0.0051193946710464105,0.008667044823610259,0.03022261896662571,0.04098664597487134,-0.004963780092715959,-0.0017219466741782306,-0.011249633517237848,-0.013673950099926046,-0.006008233954260493,0.00818964409685082,0.010521167495067107,-0.035645000121760244,-0.04314025089390123
51.5,6.5,-0.013323181308651583,-0.004227142720139359,0.0021625736109712537,0.001119323552812501,-0.03637428885256783,0.025766873794670037,0.00022580226356612722,0.023660162431445277,-0.004474515712887444,-0.017813794746609084,0.0005200419415305067,0.03138988664956586,0.019994280464623433,0.016199519775834004,0.004864138994224004
51.5,8.5,0.059391780780744176,-0.03319972056318216,0.030212422439589694,-0.00386228846231607,0.047737027604111776,0.004532522376493235,0.011418104287702588,-0.012248796600464457,-0.0012231665422023912,-0.03579486969316069,0.031043382981667863,0.0025369264984995733,0.033882452826699085,-0.006930211778587432,-0.004778182436820657
51.5,10.5,-0.014636738074147632,0.020537832032681617,-0.014780966543714746,0.0010442633059276568,-0.0096575493562241,-0.004315336657359844,0.024142588924119378,-0.00832171413898636,0.014653003727618049,0.030545414754662735,0.007378667660315436,0.03662105985544331,-0.017251777720086552,-0.006178306528874609,-0.03184535225905287
51.5,12.5,-0.017903292892086538,-0.03242570658285317,0.0023143807992797864,-0.027913155284411087,0.008414987404196545,-0.02782389295749778,-0.018899122017352818,-0.028867791714380874,0.022796660965948373,-0.031319468926397254,-0.02322270338571831,-0.024423685793491585,-0.0061245010159340025,0.007952577119783063,0.0018254661479435476
51.5,14.5,0.01058987198340733,0.027835433242769908,0.02025184938546066,-0.005374524094407136,-0.009537194963813368,-0.01415085825037012,-0.009217564975234393,-0.009044218344657835,0.0018086707802058171,-0.006301303128379524,0.02493195951563298,0.01562978628084108,0.017529724957890666,-0.007421731545450389,0.0018171520269785603
51.5,16.5,-0.005673036992876397,0.028529660729423173,0.013203614560265161,-0.035654401165677065,-0.0018593383532989774,-0.01824302670639073,0.00772732490534928,0.035418191717229056,-0.009052990208208832,-0.013541161334202738,-0.01405218071798345,-0.006271032951426264,-0.0075698076948692095,-0.035608020390728565,-0.006090283710815719
51.5,18.5,-0.025076734450401778,-0.01536325784903866,-0.008061405895421831,-0.001076206051363012,-0.011361424551411195,-0.004497093062851532,0.013050064752149414,-0.010646682518185333,0.00792069599946287,0.02689828484120645,0.008754176951839339,0.011355128815691529,0.04246460950804392,-0.01252438350216674,-0.010786041647967488
54.5,0.5,-0.017289185458569303,-0.017157684633843463,0.007272639964524982,-0.007126812404624511,0.007798865155452447,-0.02115072167362161,-0.03457552364149239,0.010275637485863133,-0.007337064646784065,-0.020802223372555502,0.0018819848208554814,0.005499214607407441,-0.0011524532340303755,-0.029780490549550977,-0.022624553211655817
54.5,2.5,-0.01296638217145151,0.025496348287008606,-0.02120316839889584,-0.044165725362585874,-0.05036051372978978,0.0022657229499696346,0.018430650936630457,0.008255906366022117,0.025290135108896664,-0.008419155792248017,-0.02180200093608522,-0.003625912984587729,-0.01622936191643174,-0.005626515019101466,0.009761380377445842
54.5,4.5,-0.011328035947611271,-0.018445370896031016,0.00943251532787078,0.036905227806913514,0.021632954855055998,-0.06913804793358061,0.0025780597953832898,0.022755658250138547,-0.023239069176500347,-0.0010798182153457503,0.008065026573133405,0.0019876169806822565,0.03633987165854196,0.00011617841628795551,-0.003952297275222035
54.5,6.5,0.000834291302908769,0.015049659476442108,0.029603684005489923,-0.02003501678811048,-0.013066277941792624,-0.012114912274480253,0.012347034846317747,0.031993135985164005,-0.011496905777432443,0.03387936929629887,-0.04117724639297321,0.004811300801913132,-0.00753892662548813,0.030252833668598874,0.0027202075177907292
54.5,8.5,-0.025998516252489938,-0.044739931516106196,-0.0024879518758648884,-0.02673733328415494,0.014803683531607218,-0.02329248575873181,0.0009699077784344587,-0.018684948852843615,0.004341910667991245,0.03277675900376187,-0.006797983062316597,0.028711061126670528,-0.0023773859859963125,-0.029389601570811517,0.012232716656173608
54.5,10.5,0.04563406246054346,-0.0006029369944343527,-0.026806541951462773,-0.04242395860311863,-0.00904498376648779,0.01769697484619521,-0.011314907712718206,-0.0048897706204481615,0.007396360152181966,-0.015000192331364676,0.006549368713056007,-0.04339839761103379,0.03155810184834075,-0.016747350859188895,-0.01601506934257877
54.5,12.5,0.031176708916574692,0.010240660732639944,-0.0095998669275675,0.0153675107421429,-0.007687930590088857,0.018241971399157255,0.030074240272813354,0.03479153332997957,0.008443436856232046,-0.027216781653659632,0.01604606692421771,-0.004491896084251263,0.011210304514368365,0.022289357508281125,-0.01502011196257211
54.5,14.5,0.03384006550339225,0.048081132408448204,-0.004903435190117216,-0.023275937223075548,0.02442881839220167,0.007464243251983649,0.028014116401619223,0.03353479169542278,-0.007524134100382781,-0.028205689654741968,-0.003771097484398183,0.0026303100037001967,0.01826012972341269,-0.013224748109581465,-0.012480421981495293
54.5,16.5,0.020319115513584434,-0.0317022125340602,0.0128990587855254,0.03879493969646928,-0.02298333967511198,-0.02657026635907599,0.03871219689378888,0.0061207836118150555,0.005001889331899378,-0.0052807838787305,0.021598725016246458,-0.046653070468590394,0.01146310508714731,-0.014856690627065195,-0.01186095168702052
54.5,18.5,0.005565773990919927,0.023199054083311858,-0.01676707971783843,-0.02798913559178224,0.00890507429228459,-0.03581375987133085,-0.002620470918083498,-0.013204119590774143,-0.0766521854913768,-0.021521665211806307,-0.04254917499705872,0.025787463057010376,0.022268869421159757,-0.029715185824659898,0.01112335580382452
57.5,0.5,0.010497424991374968,-0.01101326575836367,-0.013522322202347968,-0.015725844483300767,-0.0038358453702795974,-0.026951570484081786,-0.029160013711588603,-0.0005287883963135899,-0.015153940706453133,0.022198426301185615,-0.004926397750703166,-0.013047963251116342,-0.0774480964277113,-0.02370229642574508,0.0161424804369128
57.5,2.5,0.012290771554324714,0.0024804845323226085,0.03363679717807601,-0.03984897106037543,-0.042471962812078316,0.029862208128615633,0.01732343230017186,-0.010580217439993753,0.016452798491172694,-0.02079232046120016,0.007193481910945949,-0.001552831108361498,0.043501973813117566,-0.004951978066546944,-0.0008030734624661479
57.5,4.5,0.014952008899454167,-0.054766714044061714,-0.011796594419890007,-0.004463429239100273,0.019623574553287594,-0.02895741242454921,0.012974818694332944,0.027547043909067277,0.02977434485310544,0.0011055413405052891,-0.004207868420476147,0.017032135152247718,0.0035508157522863076,0.006174626498857097,-0.008217884017015308
57.5,6.5,-0.004450026807151142,0.0008135848125397031,-0.04983155499308331,-0.008056592636575495,-0.04081917059856326,-0.026518629418927388,-0.014104120485471874,-0.009981525122135727,0.015268185962635331,0.0280845006113165,0.0036641250297569893,-0.005289686703476559,0.021230033799060338,0.01708096747244948,0.002601092772471198
57.5,8.5,-0.01072566855506336,-0.025020074705168902,0.005081445430911519,-0.04712460506095534,-0.02059376071601652,-0.0027607010956441085,-0.00376865869656427,-0.011648394699829843,0.005639800138247606,0.04208019939847408,-0.001994211438464281,0.0376515221703727,-0.030343187130235504,0.02248369489755043,-0.008567503509254068
57.5,10.5,0.014791435192618222,-0.06398832066830588,-0.005853729268876974,0.015655271827527604,-0.0420088662513241,0.016914161104920153,0.03328188863549829,-0.023625324251759252,0.012850416727072966,-0.02257613800311809,0.01016769241196654,0.02188106338287329,-0.008145462394567636,0.019523697542422173,0.024571984841431596
57.5,12.5,-0.01164849503197897,0.015066373010579824,-0.020640695099158533,-0.027859560688607423,-0.005875278688812118,0.017601127079055562,-0.005816070774639716,0.009568320047557154,-0.006884271230006447,-0.03155810411621128,-0.0041901725128863235,-0.02270986736348681,-0.039031684420062725,0.021651557980894826,0.025219309888665102
57.5,14.5,0.007580991621351863,0.013563991946711223,0.02860976143132549,0.013678127956191782,0.014872300011154265,0.007048840204925466,0.0038147415158800357,0.02474515560888478,-0.02665129955456078,0.0021027447782005168,-0.003566317649004117,-0.017312660099343288,0.024672933655382097,-0.014007506719922137,-0.011420702670816353
57.5,16.5,-0.02437090584038148,0.012934852351245358,-0.026432942120571602,-0.026568812224795624,-0.055282710590735716,-0.022202381851862,0.00955125847101576,0.001792473734409697,-0.04056340367524575,-0.002717759010275161,-0.015591126280337028,-0.010680649645059784,0.009131535907263393,-0.01173284688318446,0.022172914299953626
57.5,18.5,0.001684954527052973,-0.029182266426119208,0.02655011250027261,-0.045653784030646544,-0.027352216141133354,-0.012015914726727958,-0.047448422504317994,-0.009596158334320176,-0.01658116542519747,-0.028222234235096354,0.0010401151317120088,0.02018053680120496,0.03111399995466919,0.02748072470558546,-0.01154105422847892
60.5,0.5,-0.0126465924281032,0.00786934314459034,-0.03232932001788584,-0.011621426700054843,0.008827867251849362,0.022878816963676947,-0.00019319167806364554,0.023326711467820876,-0.02574309936658238,-0.01515782700349556,0.0255202548513539,0.01833551171389363,0.05083573762687707,-0.007170530441604092,0.02316485344274668
60.5,2.5,-0.01611369333258104,0.013746632957649722,-0.0181407984278437,-0.03000474362317721,0.0009222025823032767,0.0026786041004350837,-0.002484905347458037,0.02239500377264183,-0.027269388878455526,-0.01869422306704817,0.0004712844143370811,0.006572817283253747,0.012013810191722485,-0.012630654537418328,-0.023358853917472864
60.5,4.5,-0.001277152528139363,-0.040120157987402906,0.019060897208547218,-0.018844135945739773,0.018480574357879694,0.004575456614632239,-0.007348384474301827,-0.013428097328255771,0.006465193230307067,-0.030893843703932267,0.0032634591733835044,0.03540728560338667,-0.021761927265607793,0.0054441731244026115,0.008502303266617073
60.5,6.5,0.016743443337107273,0.024894353856578733,0.018803695065196527,0.03052860048781596,0.013937877467124432,0.0009533816908990137,0.013019131886524843,0.006831733734847561,0.004737691316513854,-0.008119935510907292,-0.010433203906682958,-0.0009835286204421955,-0.027465592765244667,-0.012758746025153585,-0.029260666154051696
60.5,8.5,0.012053931210859471,-0.0014900716324141856,-0.02287822829519364,0.015378220252801953,-0.02137907181329567,-0.0075933622825159995,-0.0051019074969209975,0.02305150331980393,0.0292742422381911,0.003206755536413822,-0.015802827118085918,0.0043164167384388795,0.02240674759764927,0.01468358137459252,0.048886101413977714
60.5,10.5,-0.0020693173490842253,0.0035786491991995207,-0.0034492172404547057,0.01932108682547975,0.006950049748888866,-0.0021029514545702396,0.02783252503270879,-0.02481060996697678,0.009375414719586065,0.013183656467336454,0.015503179197537015,-0.026906692616125407,0.015562799091869289,-6.157802506685536e-05,0.0359632874913073
60.5,12.5,-0.010556630072170644,-0.006986393496859493,0.03467792008407914,-0.01198585021063096,0.032508329047738434,0.019244898815919953,0.02931514934659261,0.019345731766490994,0.03246165917714155,-0.008461908838563636,-0.010557815616410188,-0.015145784497619191,0.005781216683966792,-0.008189961085093572,-0.010369270858671164
60.5,14.5,0.0061469831691907265,0.00789688825598397,0.04118451165599887,-0.0026599543829373302,-0.04625620029217666,-0.015273684166118741,0.02842157317818035,-0.003473229018572168,0.02248081170036348,-0.009406048286597257,-0.04717386954281576,-0.026167683838982943,-0.005451967027396136,0.010693788336254083,-0.004740086344156354
60.5,16.5,-0.015501151905925251,0.03134514798599084,0.03232794510653944,0.007948662361874834,0.013415719307464567,0.012292298101786163,-0.002701791403545437,-0.03355124485656821,0.005915118489308179,0.026315208162614824,-0.000334960754836223,0.014665761716085746,0.000718290229714401,0.0044915293914626645,0.009931970398402391
60.5,18.5,-0.014277160450225644,-0.01556060360197463,-0.04191251751549776,-0.021860667041148463,0.014983982113915894,-0.0007427379229186891,0.006229267508674448,0.00495197215497516,0.016010938910713847,0.012567036537871024,-0.01041639836313328,-0.0067212576589510565,-0.014116082879220572,0.0032887628391298175,-0.01534485587460385
63.5,0.5,-0.008818956457748531,0.017224184345913444,0.011973534454609169,0.013619730006297322,0.02353156689863951,-0.0008347256978975666,-0.023448487579720973,-0.03270762968087392,-0.025281596076879742,-0.0031910708414413878,-0.020086644365579123,-0.028204510468955498,-0.0296350097290771,-0.03894909747387441,-0.006246855290611129
63.5,2.5,0.03025467360623693,-0.008483908055800059,-0.012620424724233043,0.0018235425406777073,-0.029808527398751967,-0.014619868537094006,0.005013861836699259,0.021955788637908483,0.027641337986817113,0.027124864441218647,0.028111178682268784,-0.0027009270595051626,0.022770547649508484,0.008025825782902197,0.01464925409943731
63.5,4.5,0.0015551644730939392,0.027187027253595626,-0.009398582892214374,0.019071996180848073,-0.041203987099070145,-0.006048174543011402,0.02635645093342942,0.016965705881975164,0.011412992161866293,-0.008056538721057944,0.012682430556757836,-0.005992494100428112,-0.018485791893549857,0.016231150075071185,-0.035524592001257155
63.5,6.5,0.006562777623113518,0.021220810093662903,-0.023206913211360695,0.011060154037813923,-0.029816451629757715,-0.012405716294048005,0.02147567898549497,0.00025924375504924295,-0.061231996612223595,0.017371284406927204,-0.015274156125262502,-0.0671279344444975,0.003963414956031219,-0.014896079188854702,-0.018927727013091936
63.5,8.5,-0.005394104452130062,-0.0070460225586181525,-0.013745885934485275,-0.009640336837385308,-0.005047738460208285,-0.006822840995943811,-0.027081788507218475,-0.012284383179221356,0.016118666277906018,-0.04913790532600176,-0.027884114403940494,-0.025535051263688907,0.0031332480507263046,-0.018963233954862768,-0.0680760155718343
63.5,10.5,-0.04262984107199456,0.018678917265956607,-0.028926217496389857,0.006970236631630474,-0.01768252498805184,0.021049767351612608,0.020856992889805456,0.011254575392150122,0.03178807578694549,0.020378699360947754,-0.005456679642169502,-0.0035661913532848456,-0.006720286527172158,-0.0019777728832367754,-0.003962856261392556
63.5,12.5,0.01682954197644291,-0.021818858781129626,-0.013902780316776402,-0.0060401071095285315,0.008554778679204882,0.025440084892665873,0.04411313113139953,0.013454720832149025,0.008851847928586003,0.025799133329622692,0.0034626353096462083,0.03286441782761553,-0.005652761886893728,-0.03401317483696146,-0.006310330206213603
63.5,14.5,0.026056270570714014,0.028493279334700743,-0.004459143948619551,-0.007977466325453176,-0.00782011241382901,0.049186634490198416,-0.019626522537950417,-0.0034201040236378705,0.03481766338579389,0.031200062456896497,0.0080455991695302,0.03336408224834442,-0.030657496533478434,-0.010048718110781682,-0.017982333440979333
63.5,16.5,-0.010770740021645984,0.021772231932879964,-0.02893963616357209,0.02684158281855197,-0.025436671115732442,0.003179621279016248,0.01977675926569782,-0.006234458330643405,0.03877186090526245,-0.010246495247600464,-0.015198272880461241,-0.002714661316228379,0.01221073527871855,0.003004017292547011,-0.010359286073947531
63.5,18.5,-0.05188023956399035,-0.03344883583605068,-0.06919766891842243,0.0013799008653228304,-0.007253341287373324,0.006539026354422862,-0.04341165850507496,-0.04417148521527578,0.01513933845240413,-0.007038819715533825,-0.010349522915534795,-0.004553964730020669,0.006689142202667419,0.03585307214461876,-0.012662306954869574
66.5,0.5,-0.005693678416315835,-0.003724557052179203,-0.0136284593153086,-0.028092994552574233,0.0057371675694170505,0.02609098023689344,-0.025142713533810725,0.032091651201182854,-0.02755964814254867,0.02301911271876747,0.0470704156561986,0.02141122228591557,-0.0039025477529647918,0.041751463403667005,0.019030037854002122
66.5,2.5,0.01730273809443662,0.031897239655683716,-0.016445613779128274,0.0033873051552232906,0.0035002081231272023,-0.0005293520004414696,-0.0250527257606197,0.018666059643312666,-0.004429470535581973,0.0016705131054980198,0.02517354856891988,-0.00705036748441939,0.0009997936519452325,-0.010397945225133492,-0.004394557598430695
66.5,4.5,-0.019005435475430824,0.04208530216466784,-0.002466207032673009,-0.03185790057019403,-0.009629515389040241,0.00976969859280411,0.009452111143741525,-0.007263721366447033,-0.02776545858128032,0.03584227176767196,0.03571856369832632,-0.01647656480316349,-0.02756700632505457,0.01116818944161365,0.025614891629430023
66.5,6.5,-0.012013993942022136,0.003285183649708684,0.019538349863143897,0.006255525910687412,0.020317410580363477,0.03575455030837272,-0.019155867914611453,0.006881509364947716,0.00345625587241414,-0.045439561609556894,0.0071996232136075705,0.000305193852375856,-0.019631799596007755,-0.003440815480961776,0.05035192637167537
66.5,8.5,0.0229005638115797,0.005262069438972157,-0.011471441440310549,-0.008813295298538242,-0.01213490364234972,-0.024964835220818285,0.031420010997212804,0.00822592985627079,-0.011631978837304668,-0.04046359200391312,0.03440760963238425,0.012526173112231868,-0.005287502991524337,-0.03551723181750081,0.021557308970227305
66.5,10.5,0.014748536105454796,-0.023407160629807997,0.019423085940432877,-0.00014538885817120138,0.004757398253868813,-0.019207544644402035,0.001010504039024799,0.03573003325687736,-0.008603675125040608,-0.02217611766851891,-0.0027359413950624697,-0.047484114228607766,-0.00728771590921713,-0.00883726003195796,0.02871992178923383
66.5,12.5,0.025510325930270902,0.012835214186493199,-0.0004505888505538213,-0.031960898272461714,-0.012094494506775438,-0.009044439479254828,-0.0307658390011487,-0.009759398069179536,-0.048003360809208404,-0.0048381164615424995,0.0043642533542562,-0.027358035493362243,-0.03840686195457608,0.004997333674905928,0.013597390511545323
66.5,14.5,-0.000999273663095752,0.01084589868455593,0.01122790539105263,-0.011804899511443912,-0.04286621226834231,-0.016004850677073214,-0.011538098417796148,-0.0021758351173814315,-0.0014870572960443392,0.034929915464466936,-0.013075110792492366,-0.014711342570926194,-0.002046856985469004,0.02756445868450076,0.004215053523469188
66.5,16.5,-0.04082804563225029,0.0038208657533194998,0.0038039583093088312,0.024121143051532346,0.029291314200420568,-0.008497744949612513,-0.022744137841155983,0.0007677789876773549,0.011181462080984177,0.004578311436032432,0.00192132198872471,0.07309489489965627,-0.0030821524743795364,0.0009256915162000101,0.0017214737607295768
66.5,18.5,0.026411004689955025,-0.007916601885833565,0.008026630340601996,0.015990500350555426,-0.00685651526809698,-0.018149776691990915,-0.03854069165466508,-0.02235706396541063,-0.011630754796648013,0.025850107092537093,-0.006614017541928972,0.003050212960690706,-0.03495758792262559,0.009293526050806251,0.0004694380663252012
69.5,0.5,-0.008610375764792615,0.008262541898534488,0.00491020360258219,0.008288037396500645,0.03594912189493993,0.0328218025737757,0.012877868956929302,0.00538151792323947,-0.012362166073420255,0.0037476428769285825,-0.017577383006023715,-0.014472395157094729,-0.010156296899338077,-0.02947513975863026,0.015369234881847233
69.5,2.5,-0.033198765043407234,-0.00598641897148053,-0.013035839003254009,0.010791702906549808,0.0026774028159081333,0.022427150339226355,0.011217101637707038,0.03229262274405744,-0.02124169411985707,-0.01838630921132487,0.018260848154905373,-0.0016660628489299162,0.029692061430020556,0.0108262636429119,0.006982492882742615
69.5,4.5,0.0057327834911084724,-0.017060000008038707,-0.0414226714860353,0.02743120898406548,0.0032487704102015826,-0.02014697732915106,0.011817166938177802,0.0014232557420477876,-0.028281545339770134,-0.018125898236094493,0.01516856480568875,0.04178170647907644,-0.017430501545766076,-0.033517025131035515,0.004011863954207548
69.5,6.5,0.026004532970764944,0.022054028670239253,0.003852980283567831,-0.004344201176906661,0.0073847361225929525,-0.006255671925878829,0.040401843630081875,0.023264343456176232,-0.0031289692029691308,0.013348756910624818,0.0020734785005696805,-0.013965670427546664,-0.008617186111487289,-0.011167102532790461,-0.018971736811234305
69.5,8.5,0.0028637278664710776,0.04953140863468048,0.03266504876089462,-0.006420858603745016,0.0010134598608856078,0.009004837478652671,-0.029308123595065422,0.030341250425095227,-0.00952096969425538,0.024471335943797915,-0.03497038458718595,0.010299472645149596,-0.00012696959932949098,0.002243206334375722,0.007691320586087287
69.5,10.5,0.03772116660211144,-0.016705659284561903,-0.012645344816162632,0.0034793192655685782,0.03639294601538578,-0.017202873751339578,-0.009387983326237219,-0.03424534332599943,-0.014574003242557946,-0.03151113766198717,-0.004435517905953585,0.032384484075435316,-0.011137480319205608,-0.022929946672586545,0.003301512424513941
69.5,12.5,-0.012847351745871339,0.01916479563608322,-0.02461930637000071,-0.006889824501809696,-0.01472017705424432,0.01657794029159488,0.02826572270459412,-0.006293488374824055,-0.015678040426498143,0.007567509612169807,-0.020617995632983232,0.004294575084172601,0.004184518396259749,-0.0025799829370142494,0.01088634210240519
69.5,14.5,0.002051369493582217,-0.023453732548964025,0.014104597051056647,-0.007855561761487308,-0.020009379515081742,0.006324280564605874,0.02771478535871919,0.022256753851082053,-0.012995648418254607,-0.028641196401798942,-0.007009395498843888,0.03118296682966645,-0.007599102056085978,-0.013864752848381639,0.030936287680030997
69.5,16.5,-0.00684164922979437,-0.017831523665583323,0.026846615376485344,-0.011456705522636107,0.029144456314794856,0.007228477815385747,0.020890844521054303,-0.007965661119743676,0.0040781200435666,0.0023838084998434547,0.04565507334213358,-0.008905044237826147,-0.02373445887966764,0.008181166234324565,-0.003030856210227638
69.5,18.5,-0.00154636069706876,0.014557178451958778,-0.0215196609181667,0.052207083376602285,-0.034488780387252276,0.03353381731640232,0.03412091811769516,0.038785347998862865,-0.02508374632568077,-0.02697273444753027,-0.007960819151149864,-0.007673507274734907,0.035263431322576304,-0.005586982271362105,-0.014363848839139683
72.5,0.5,0.0008014813342800671,-0.0022134878018678474,0.0015304621615318244,-0.00034942528211294005,0.0067627883863015156,-0.024642930742985562,0.02464642625066861,-0.01322532816685257,0.03798455513120863,0.027427085961803915,0.011042146611018695,0.0014170459046365367,0.006397509495637591,0.01739675718285701,0.0032968615569301343
72.5,2.5,0.021578517129007442,0.051796961529320125,-0.002184255418384901,0.007357943937819733,-0.0025124553466342463,-0.008095344044981377,0.014189831753105583,0.020443736609284058,-0.025178271847777,0.018948173232528395,-0.048158110295062825,-0.001908707217393874,-0.033651371411589644,0.010709333925640321,-0.030927089706655413
72.5,4.5,-0.020147947324000264,-0.02805207727359733,0.013625528881450273,0.004325616719745903,0.01933173118402945,-0.007233372882486534,-0.05966390572689315,0.014263636547453348,0.03126757149982166,-0.01757705749709343,-0.007911644478485746,-0.050061647359696225,0.000982665800545918,0.0047367119440059925,-0.011059837627672535
72.5,6.5,0.017247438434753296,0.002139711816206987,0.018288477546313374,0.009412096361247005,-0.01170323746387782,-0.011756592650489684,0.008193741620283239,0.00011574415280160542,0.018887847455488466,0.019125197374002853,-0.002210774771180387,0.018596924125644423,-0.008616216628353828,-0.034164062530835405,-0.016686929989935966
72.5,8.5,0.006484114568561927,0.0014365386300591082,0.028550884259525542,-0.00012684897557131106,0.012862763884134834,0.01294010476562534,-0.0031601102413116654,-0.01835479154319581,0.010009635185622982,0.0028361201358665946,0.014045090251466552,-0.02011497688695069,-0.030082166837200313,-0.024776952407348413,-0.00014027352641012407
72.5,10.5,-0.01056569613028047,0.009808473801081371,0.03298421639460714,0.0026708568368908757,-0.018490920737294848,0.03740983073411847,-0.012579526011207171,0.007966088994300865,-0.02257845404647499,-0.0015927673563216193,0.0028822755199963573,-0.012910780909665525,-0.009568754048527533,-0.01209760438340009,0.003987304684976933
72.5,12.5,0.005740623647325903,-0.0017876544538540237,-0.02323858473310404,-0.009541379096709875,-0.015041546001208503,0.0005400453582761937,0.03803595788712967,-0.025081085753875253,0.0217095809145817,-0.02349679366427399,0.0036564722061973027,-0.042225090116106125,-0.0059842753014619915,-0.0027614732045408877,-0.011052382657793722
72.5,14.5,0.0011473284826746602,-0.011678652995862671,0.026114707536719933,0.011778040123087507,-0.0057455622943721205,-0.029759946884420282,0.013747819045539227,0.034180292225265675,0.026229432670734472,0.013570786599218518,0.011668534206600738,0.004543984011720308,-0.028279556341646892,0.001883036683279399,0.015536190781126955
72.5,16.5,0.021930567431789408,0.0002322344097658397,0.020046021944172137,-0.010315422405156968,-0.032253062221576034,0.017689528346015854,0.016642921876297297,-0.003751750140461203,-0.004718456028297508,0.005681162176408888,-0.024030435110641495,-0.004683324749510754,-0.016987279165105697,0.02059195110738723,-0.0167713415701253
72.5,18.5,-0.02364319418625452,0.00570977223560316,0.012877650298907415,-0.03536206987627528,0.0037863950371576174,-0.02579958237636269,-0.01703507536693131,0.012491182881689222,-0.01586351356212995,0.0030553133619666945,-0.03447131038348948,0.03536568522700317,0.013077922010758242,0.007969238670558931,-0.014192161775110616
75.5,0.5,-0.0032150125210267523,0.00985595132855944,0.01544117313586451,-0.014483436133786368,0.00516805911835209,0.012180471878476267,-0.01135510148178166,-0.015497759457990696,-0.00493363807880001,-0.0005717236164866156,0.014734043785907152,0.008914546908369328,-0.02098431887515509,0.012276964801260545,0.01173838792130419
75.5,2.5,0.06622506804349709,0.01566398894738756,-0.030634612698158294,0.01387990295432039,-0.006685655698618447,0.004322965118465463,-0.011683898503634167,0.03473787298839813,0.033316442762684695,-0.0063927165328285344,0.017085555526696692,0.024138653378718896,0.01158934079484723,0.0014833644805661145,-0.012901446915820505
75.5,4.5,-0.021709097480099252,0.06343741505512815,0.004015980770159634,-0.009486380340936861,-0.011205400438165215,0.013898406753345392,0.01780090645007068,0.029483045468279505,0.00306675083630123,-0.009003605821270095,0.011524254650823918,-0.015107018034018193,0.01701584468370895,-0.0020549813084848175,-0.039244120452417264
75.5,6.5,0.020438004194378346,0.00354189227518881,0.0076291030425096225,0.02380191842897729,-0.013346102340374307,0.010296791751259833,-0.00124789261969296,0.05865028900260032,0.00042303498729032895,-0.039679963057005045,0.003211858462806854,-0.023668125160058635,-0.016622958649756096,0.05281326855146078,-0.0005254583646358465
75.5,8.5,-0.007518737515251285,0.010636049665957634,-0.028229244256493136,-0.013651638584443576,-0.020210546947425738,-0.014342784425417953,0.008470885478027613,-0.005781947201372237,0.035446581881877694,-0.011502144738848247,-0.003978964458967849,-3.7341076908355566e-05,-0.02935029397493876,-0.013982273220530183,-0.0005231372226153216
75.5,10.5,-0.02398804092306923,-0.01728145910437501,0.030311136765549182,0.014516349344813283,-0.00011731261203437673,-0.012022647374462434,0.038086492750323685,0.04819008459815108,0.0169510090691277,-0.031032166180630715,-0.05727058338445472,0.006451988794686857,0.03692624718088387,0.007255703290678187,0.010397828034586117
75.5,12.5,0.016841019873664594,0.014065474316995704,0.035650857229901814,-0.011425333311408941,0.03487852228353691,-0.01599971949535739,-0.05636473782613518,-0.03384245780555283,-0.01882946866472334,0.0252306494822715,0.026482268525735604,0.00378469067072447,0.01960079575402047,0.027336681882926553,0.05197005571487852
75.5,14.5,0.012609244429271988,-0.00206258359257843,-0.01745485681749968,0.0019449395764360691,0.016091319854565356,0.006908831509723426,-0.029793786180287708,-0.014259417009142175,-0.03454681677906463,0.0034785918191930026,-0.028167859225150173,-0.020714222305980228,-0.024193696508852534,0.0034530280501997596,0.014462336395143879
75.5,16.5,0.03120156255423559,-0.012654496284247394,0.0015110475462552034,0.004814654287045554,0.01262551508840097,-0.01401135669060611,0.010639279270217725,-0.00953878061081574,0.03795490782056954,0.011220620395133349,-0.02157294163197271,-0.03499653822498809,0.010057765170882759,0.03478115810201694,-0.01418084756700467
75.5,18.5,-0.03182214957444773,-0.018972517348993908,0.014747962932120353,-0.016024612531926233,-0.03051782956822859,-0.03328652990994348,-0.0181341278809362,0.01996047874746448,0.008505429548637726,0.008728956232903104,0.009619024131966112,-0.04148489614631198,0.011438837427405112,-0.029602068940876174,0.0010399821752768376
78.5,0.5,0.01797757441065346,0.021722440690762887,0.007775412566237877,-0.007391492799089999,0.001241213450292408,-0.0028724629715602113,-0.019552894666598618,-0.006999065215906213,-0.03160284610111565,0.0007865233716054239,-0.009866608677767053,0.0345153523070964,-0.01490980904779459,-0.001526312571987234,0.015911138290998644
78.5,2.5,-0.018269231596908884,0.02150982975810127,-0.05512964811245335,-0.005831222412040593,0.005784299742453421,-0.0025650732767816754,-0.028607971649065006,-0.007172897603225945,-0.013584985753926514,-0.009283196695462943,-0.030419131807196,-0.008174513097794846,-0.02164735523660088,0.011129682955042075,-0.010992203183249333
78.5,4.5,0.04241515420963734,-0.016827367374045464,0.023017192614028327,0.01954157067589354,0.014907474966238118,0.005415012495820024,0.001816500312806416,0.017509849843581435,0.020096749498330346,0.02697670717096531,0.007520159284140176,-0.001075423539770976,0.03130813692457435,0.030758935512020438,0.0492294736401377
78.5,6.5,0.010734567490010324,0.027731678868304556,-0.0022802788790723004,0.03533531827175688,-0.018354391030631752,0.008993933620435752,0.009661854367145827,-0.02859745592557196,-0.05977964759804814,0.019593677045269597,0.010347233780681878,-0.013806393468274789,0.0330058405457016,0.014314666307437541,-0.00840664402284276
78.5,8.5,0.030493570908247003,0.0305848475204442,0.003553378622258456,-0.025864989218422146,-0.003139486950554066,0.0001965734638334643,0.0008912744205510033,0.006304731831923413,-0.0008105647699191343,-0.034182679771102696,0.0007669935646984212,-0.015705094471865595,-0.013969945327595688,-0.013580191475747069,0.01359540516785709
78.5,10.5,0.016688452658933838,0.0007545439748799206,0.00658349259310156,-0.025664784974503616,-2.6560422887263655e-05,0.029370318853915174,0.03191372229778747,-0.01060836327911431,0.01158183268355781,-0.002975164297133123,0.01623960542479003,-0.0610450778952132,0.01781486031195152,-0.05091174063939584,0.0006854968755644439
78.5,12.5,0.00022549707155527157,0.033983631305132635,-0.02253483204909716,-0.023826844743850554,0.01776531875935234,0.022209056940790162,0.0015164703986073468,-0.02225676286468545,0.011580294261374764,0.010161685024955978,0.008707148481764335,0.0059852925745487165,-0.005030586083958973,-0.036111198877891285,-0.008898676196587383
78.5,14.5,-0.02058373872115107,-0.0256208951629567,0.004831983956799611,0.009033572594251485,-0.013358048923613388,0.05308932268932773,-0.012967772389389589,0.005030382981627138,-0.001624316298524803,-0.041285321524135,0.017599211672438737,0.009573972390741191,-0.005291707469027556,0.035975549231465634,-0.046402294659118125
78.5,16.5,0.012459519662554928,0.0012711333316221892,-0.0270456504457671,-0.012086817784879592,-0.011469372682708109,0.030051887346091242,-0.008730723428311856,0.008601047979678093,-0.028636882185866037,0.02575327151394261,0.010081780180789245,-0.011530087313238145,0.010795871440821446,-0.01593141844753593,-0.024062889618781374
78.5,18.5,0.034681280137720864,0.0001883295482655814,-0.019582979037125553,-0.014390079402010359,-0.004198546694929711,0.016042275896155776,0.00031216629037203583,-0.03658014481028525,-0.059203131675521735,0.044096404280025474,0.03379661123457648,-0.0020868493997018133,0.02353775335051322,0.020620435651988758,-0.03703596139152033
81.5,0.5,-0.02046917243652806,-0.008719202822194468,-0.020072708585057296,0.0049813419530586175,0.008613798974750552,0.0030025523760391216,0.013421964552376636,-0.014088556457393436,0.0025444341081856895,-0.004142886073228381,0.022209493225789523,-0.00811046995687438,-0.0035901260493513996,-0.022036605269994174,-0.004491188200512425
81.5,2.5,-0.010821018006054353,-0.004376684874637742,0.006839644916558964,6.0274918599810644e-05,-0.025901133637736988,-0.0068421960686756165,0.010159950264843532,-0.014585687847374244,-0.027044445425838417,0.0083830006829985,-0.01809744419792449,-0.0016280798665267396,0.0014779013724063612,0.028082435105519804,-0.009345797938021679
81.5,4.5,0.018239825765408706,-0.029949766848975906,-0.01577418973917615,0.033517606792438696,-0.016244458444474374,0.006362764365750038,0.010042001035609194,-0.002136902034371195,0.016161381819235827,-0.007229422345926855,-0.05318569334360331,-0.027791366469616,-0.02393660665250009,0.008835044674449104,0.005056644768277835
81.5,6.5,-0.03278607066292473,-0.03650972768201326,0.005403007584336161,0.03647181128248594,0.009569225057738728,-0.01434310773072805,-0.024596092643461936,-0.013708403080281645,-0.008089734628511532,0.027826839573586233,-0.001957674370984886,0.009463215126904614,-0.02744478707454071,-0.011925519731258175,-0.0014945016416749897
81.5,8.5,0.027081518062735503,-0.009274842317464622,-0.03071954167034311,0.00019639648269374288,0.013542731618667068,-0.009655937107263278,0.04815661731823827,-0.0027083677934420783,0.02939588313979914,-0.023687046501964903,0.012629598744613654,-0.0019348111613754183,-0.009747706442784238,-0.016982251788664613,-0.019995593202807072
81.5,10.5,-0.02571063301207254,-0.02837779846557483,0.025521560081176693,-0.008175229677087312,0.02111149852221485,0.008367604814543716,-0.014231019833551767,-0.034363963725668176,0.006098669247930219,-0.004446842230308911,-0.0018089214226824745,0.04176572478501598,0.03612701355188229,0.00034132161397094945,0.011124068066661724
81.5,12.5,0.022949857931234916,0.0013538424268149357,0.013082280742257436,-0.006520678306948335,0.016541070666677003,-0.020874542264512175,0.028619469632202736,-0.016677063654654215,0.014903093849104621,-0.03471838615550093,-0.01590144964796436,-0.028282554602599586,0.002475087620002535,-0.00440387317221433,-0.013933720213685875
81.5,14.5,0.01736925576461728,0.03952016734782624,-0.010164587112839546,0.00869141754772953,0.014043955630643687,0.03763690474358388,-0.007420973332719908,0.0028664589529978877,0.007492330173373802,0.01823165320303105,0.02794683793623354,-0.008426619901730563,0.001725463703837465,-0.000892547626925118,-0.038689031075939385
81.5,16.5,0.010669222905831154,0.006556576373181592,0.007364891242813441,0.017890885405169393,0.0038224050751494783,0.012211515740614581,0.016074382416830842,0.004690376421548669,0.005744606521730183,-0.005229785997985601,-0.02646053459116418,-0.01131428648717397,-0.013559056215914913,0.04473611130703938,-0.015988426393663113
81.5,18.5,-0.00948860180536075,0.01748374209923588,0.008096805149371762,-0.016717664012580225,0.009008496618286791,-0.02157251431910635,0.008803187936600763,0.018067506513853655,-0.0315853675788338,0.004993065553544748,-0.013922124528625136,-0.0008300291584169164,0.02577247464568508,0.027015393863046692,0.0029618597213125104
84.5,0.5,-0.011919483342259635,-0.01589148199439492,-0.009066464300002651,0.00836744901482731,0.015256378314295336,0.015854343435595525,0.0015597946060998456,0.021294032043753033,-0.024194317112477635,-0.04547193136429121,-0.015323004889861764,-0.02202538606735763,0.02548969992993518,-0.00577103891792645,0.0009294503914815464
84.5,2.5,0.01563238018795475,-0.009573160481709076,0.01043928629421258,0.0035638175498341673,0.00215669001834369,0.0021230299869741303,-0.007009520057568265,0.03696317825200224,-0.007917729737207085,-0.04134468332021957,-0.006541082517755243,0.00923735819428733,0.016147882436343353,0.0020755488991829854,0.005310626076466885
84.5,4.5,0.05581126579131929,0.029180381855760863,-0.04805349243209718,-0.006846858699671579,0.02670414370469072,-0.014446334893136672,0.020733294182668876,-4.1932616365573216e-05,0.025604632961232783,0.016680525919676736,0.02662914899166167,0.026355239378727788,-0.020858777009427933,-0.009493542776393518,-0.022436739371784007
84.5,6.5,-0.01669408560580418,0.033187392568437585,0.028155337601784423,0.028257359356966123,0.022243132569049927,-0.030030808243437176,0.040494097799459734,-0.0361114574883863,-0.004663223792622121,-0.01208008740402663,-0.005313173076325519,0.0029450373539219635,0.002071803667280449,0.02429643297706629,0.0031706741726857963
84.5,8.5,0.0117610729515406,-0.003410520063583606,0.0327396590197021,-0.04728838393562639,-0.011849716275991375,-0.00795772889433052,-0.012634236155736132,0.013184831423663236,0.004606742153060762,0.020941458918212592,-0.020270661241823945,-0.042239028670657014,0.006213220115279734,0.022595292849422022,-0.02271175149932329
84.5,10.5,0.018691160368803188,0.047838745495808375,0.030759333565620717,-0.038759244829983185,-0.020062379882121527,-0.015295597161924907,0.015263895216039177,0.0058203324916174986,-0.03528490026799162,-0.007544357825172479,-0.025345796826735607,-0.010030636369049857,0.006489482154224742,-0.026205447346757938,-0.026957440576285855
84.5,12.5,0.01858294846002024,0.023666592007556057,-0.005169648945841946,0.01461075803997825,0.030882383658705326,-0.0025781476093551534,0.019817783853202348,0.012579293479148445,-0.00696564817053008,0.004519444443879334,0.024280635652156338,0.0015494193575005131,-0.0110747660219642,-0.019790138374800207,-0.0006419027199841899
84.5,14.5,-0.013603342134184772,0.0029643862410217827,-0.024830637274557907,0.01906788442971237,0.002477648618673757,-0.008721995591601304,0.003988414246833644,0.006467456435830655,0.028258218448964232,0.02029704345488992,0.012158287769816483,-0.002624823144474627,-0.026621341760903482,0.02172367634810441,0.0017102066570498994
84.5,16.5,-0.04381214075680196,0.005717878247982876,-0.03400730331182843,0.007828274610520968,-0.01076313212327132,-0.012312870502185656,-0.00255251177262189,-0.014918964269358815,-0.04305367266999757,-0.006914912236180805,0.009462280121856355,0.02424824327369621,-0.005327531422970209,0.010619465111933067,0.05553451628270056
84.5,18.5,0.015076727351458097,0.010257605394985882,0.01864042175816635,0.03644951929126472,0.03592105687803497,-0.0011239348575285864,-0.01810502395330257,0.013168279811451649,-0.013010918816375295,0.02151304578137527,0.018483097102004842,0.007725800950528937,-0.03703768088568467,-0.004130187348707911,-0.04971766233286094
87.5,0.5,-0.04321716842793367,0.0034856246747607487,-0.026677299716270187,0.04348130309487667,-0.0015177679103773295,0.020136634109329386,-0.015384595504749961,0.011092152954063106,0.03324240452558872,-0.03743271951590958,-0.03602174980996237,0.007806699241472913,0.006183949229837223,-0.017011262925020348,0.01901321200766802
87.5,2.5,-0.01536644473866301,0.0010651306521599299,0.0119229045187075,-0.006041493622871627,0.0251002145729644,-0.005155021720415877,-0.010058415670542057,-0.0075649260767495325,0.005160856184227231,0.05012949656184063,0.03612736019598002,0.028986381730301214,0.0061890680200096075,0.013296203737155312,-0.011798877980644001
87.5,4.5,-0.026121350305742252,0.010351972398507757,0.023391406585188266,-0.028403826331530897,-0.022181116732248863,0.009542430810673665,-0.0013946109756880114,-0.014153132414196405,-0.010287366348122943,0.028702366252486806,0.01830095148361063,-0.012068848094773033,-0.0018812306356661122,0.006694897241101908,-0.03437345440424566
87.5,6.5,0.005844675263168779,-0.003164474816314247,0.01042118301416431,0.007384709575009332,-0.00856992780805841,-0.002604204602892557,-0.0021901421817192707,0.019568352433207967,-0.021594896905270587,0.010078904181738933,-0.032876832772492356,-0.024865849363507986,-0.007299131246560666,-0.0061791738054274604,-0.026363393822279372
87.5,8.5,0.009500256540990095,0.025743507688720323,0.015091498417031187,0.00940108059526382,0.003306276046931577,-0.015401156187317848,-0.03254346238480873,-0.03136597443569563,0.016035226896376858,-0.051748448422437386,-0.015799369447367775,-0.010588146489786164,0.03313072814134622,0.01796772842792364,0.005238993161360045
87.5,10.5,-0.0010022602411803114,-0.026474850976204705,0.01432103280318126,0.024454657198166228,-0.0155555767902021,0.008197246498512048,0.005767816381604232,0.029542800254523497,0.01513043275421786,0.0046456608126924466,-0.0012983289786743677,0.004379847352119275,0.011424928706695993,-0.002533150845932064,-0.019668933664652114
87.5,12.5,0.029676387431182557,-0.025960038002830758,-0.007503875853387301,0.017459571333242538,-0.011037591941986422,-0.015027228544674743,0.01883759717915637,-0.0026247550251567698,-0.04284346000159954,-0.003655444790934179,0.016098353834603223,-0.0016530059026040674,0.021917220307517415,-0.01170098315015519,-0.009474804197532485
87.5,14.5,0.012212086307606536,-0.0002515044942772785,-0.002913980400611866,-0.005595107805171393,-0.03723350957909316,-0.03265200566558276,-0.006855949488573079,-0.005995742399564544,0.03544303527165454,-0.003535191965302255,-0.0016833829520112827,0.007519423731429322,-0.015116584769294082,0.005342124129915809,0.027203940552310995
87.5,16.5,0.015874244840216517,0.003916308979200196,-0.008936433375743779,-0.02195212788301717,-0.014182620855330988,0.015672438148627024,-0.030169699439758706,-0.023749619417191947,-0.03214617597197658,0.020915401818023396,-0.03210224012123017,-0.02903308057999337,0.011809392652959352,-0.001766699867657629,0.013581433438530256
87.5,18.5,0.029693912682753027,0.014642934051475376,-0.002500005405685075,-0.005102391492587698,-0.029391349841185698,-0.007757775226508571,0.018047578847380428,0.04887937789354735,0.0009250758698973994,-0.00369506804831891,-0.017183310038219646,0.010269388616264408,-0.00037958618443884517,-0.0036448056517949614,0.014182119822138113
